Timestamp,DeviceId,Sensor,Value
2024-01-01 10:00:06,D2,Temp,25.044
2024-01-01 10:00:11,D2,Humidity,55.625
2024-01-01 10:00:12,D1,Temp,24.349
2024-01-01 10:00:03,D1,Temp,24.133
2024-01-01 10:00:05,D3,Humidity,55.396
2024-01-01 10:00:09,D2,Temp,24.957
2024-01-01 10:00:06,D1,Temp,24.263
2024-01-01 10:00:08,D2,Humidity,56.296
2024-01-01 10:00:05,D2,Humidity,56.279
2024-01-01 10:00:08,D3,Humidity,55.573
2024-01-01 10:00:10,D3,Temp,23.213
2024-01-01 10:00:10,D1,Humidity,53.256
2024-01-01 10:00:02,D2,Humidity,55.847
2024-01-01 10:00:11,D3,Humidity,54.588
2024-01-01 10:00:01,D1,Humidity,55.842
2024-01-01 10:00:04,D3,Temp,22.913
2024-01-01 10:00:00,D2,Temp,24.931
2024-01-01 10:00:04,D1,Humidity,55.139
2024-01-01 10:00:03,D2,Temp,24.893
2024-01-01 10:00:00,D1,Temp,23.942
2024-01-01 10:00:09,D1,Temp,24.017
2024-01-01 10:00:01,D3,Temp,22.955
2024-01-01 10:00:02,D3,Humidity,52.203
2024-01-01 10:00:07,D1,Humidity,53.782
2024-01-01 10:00:07,D3,Temp,22.705
2024-01-01 10:00:12,D2,Temp,24.904
2024-01-01 10:00:20,D3,Humidity,53.647
2024-01-01 10:00:17,D3,Humidity,55.051
2024-01-01 10:00:13,D1,Humidity,55.298
2024-01-01 10:00:22,D3,Temp,23.255
2024-01-01 10:00:18,D2,Temp,24.512
2024-01-01 10:00:22,D1,Humidity,55.42
2024-01-01 10:00:16,D1,Humidity,54.272
2024-01-01 10:00:21,D2,Temp,25.327
2024-01-01 10:00:18,D1,Temp,24.266
2024-01-01 10:00:23,D3,Humidity,54.574
2024-01-01 10:00:20,D2,Humidity,55.897
2024-01-01 10:00:15,D1,Temp,24.227
2024-01-01 10:00:14,D3,Humidity,52.664
2024-01-01 10:00:23,D2,Humidity,56.78
2024-01-01 10:00:13,D3,Temp,23.151
2024-01-01 10:00:17,D2,Humidity,54.901
2024-01-01 10:00:16,D3,Temp,21.952
2024-01-01 10:00:14,D2,Humidity,56.939
2024-01-01 10:00:19,D3,Temp,23.339
2024-01-01 10:00:15,D2,Temp,24.394
2024-01-01 10:00:21,D1,Temp,24.046
2024-01-01 10:00:19,D1,Humidity,53.797
2024-01-01 10:00:24,D1,Temp,23.749
2024-01-01 10:00:24,D2,Temp,24.713
2024-01-01 10:00:35,D2,Humidity,56.697
2024-01-01 10:00:30,D1,Temp,24.571
2024-01-01 10:00:32,D2,Humidity,57.143
2024-01-01 10:00:26,D2,Humidity,55.7
2024-01-01 10:00:25,D3,Temp,22.812
2024-01-01 10:00:26,D3,Humidity,56.803
2024-01-01 10:00:28,D1,Humidity,56.706
2024-01-01 10:00:36,D2,Temp,24.756
2024-01-01 10:00:33,D1,Temp,24.013
2024-01-01 10:00:31,D1,Humidity,54.362
2024-01-01 10:00:29,D3,Humidity,55.003
2024-01-01 10:00:31,D3,Temp,22.431
2024-01-01 10:00:36,D1,Temp,24.248
2024-01-01 10:00:33,D2,Temp,25.101
2024-01-01 10:00:32,D3,Humidity,52.268
2024-01-01 10:00:37,D3,Temp,22.775
2024-01-01 10:00:29,D2,Humidity,56.607
2024-01-01 10:00:30,D2,Temp,24.962
2024-01-01 10:00:34,D3,Temp,22.874
2024-01-01 10:00:25,D1,Humidity,55.599
2024-01-01 10:00:35,D3,Humidity,56.786
2024-01-01 10:00:28,D3,Temp,23.307
2024-01-01 10:00:27,D1,Temp,23.672
2024-01-01 10:00:34,D1,Humidity,55.868
2024-01-01 10:00:27,D2,Temp,24.56
2024-01-01 10:00:46,D3,Temp,23.109
2024-01-01 10:00:37,D1,Humidity,54.002
2024-01-01 10:00:42,D1,Temp,23.773
2024-01-01 10:00:43,D3,Temp,23.477
2024-01-01 10:00:39,D1,Temp,23.972
2024-01-01 10:00:38,D3,Humidity,53.32
2024-01-01 10:00:40,D3,Temp,22.711
2024-01-01 10:00:45,D2,Temp,25.357
2024-01-01 10:00:46,D1,Humidity,53.787
2024-01-01 10:00:44,D3,Humidity,54.202
2024-01-01 10:00:38,D2,Humidity,57.143
2024-01-01 10:00:47,D2,Humidity,57.084
2024-01-01 10:00:44,D2,Humidity,56.314
2024-01-01 10:00:40,D1,Humidity,54.648
2024-01-01 10:00:47,D3,Humidity,54.457
2024-01-01 10:00:41,D3,Humidity,52.701
2024-01-01 10:00:48,D1,Temp,24.491
2024-01-01 10:00:45,D1,Temp,24.434
2024-01-01 10:00:43,D1,Humidity,54.978
2024-01-01 10:00:49,D1,Humidity,54.569
2024-01-01 10:00:42,D2,Temp,25.166
2024-01-01 10:00:49,D3,Temp,23.781
2024-01-01 10:00:41,D2,Humidity,53.79
2024-01-01 10:00:39,D2,Temp,25.3
2024-01-01 10:00:48,D2,Temp,24.988
2024-01-01 10:00:59,D2,Humidity,55.465
2024-01-01 10:00:50,D2,Humidity,57.912
2024-01-01 10:00:59,D3,Humidity,53.563
2024-01-01 10:00:58,D3,Temp,22.829
2024-01-01 10:00:50,D3,Humidity,54.138
2024-01-01 10:01:00,D2,Temp,24.503
2024-01-01 10:00:54,D1,Temp,23.05
2024-01-01 10:00:54,D2,Temp,25.284
2024-01-01 10:00:55,D3,Temp,23.222
2024-01-01 10:00:52,D1,Humidity,56.708
2024-01-01 10:00:52,D3,Temp,22.94
2024-01-01 10:00:53,D3,Humidity,54.827
2024-01-01 10:00:51,D2,Temp,24.549
2024-01-01 10:00:56,D3,Humidity,53.997
2024-01-01 10:00:57,D2,Temp,24.578
2024-01-01 10:00:53,D2,Humidity,56.98
2024-01-01 10:00:56,D2,Humidity,55.247
2024-01-01 10:00:58,D1,Humidity,56.634
2024-01-01 10:01:01,D3,Temp,23.088
2024-01-01 10:00:55,D1,Humidity,54.34
2024-01-01 10:01:00,D1,Temp,24.039
2024-01-01 10:00:57,D1,Temp,24.69
2024-01-01 10:00:51,D1,Temp,23.793
2024-01-01 10:01:01,D1,Humidity,53.548
2024-01-01 10:01:02,D2,Humidity,57.062
2024-01-01 10:01:09,D1,Temp,24.021
2024-01-01 10:01:14,D3,Humidity,54.989
2024-01-01 10:01:10,D1,Humidity,55.235
2024-01-01 10:01:06,D1,Temp,24.698
2024-01-01 10:01:06,D2,Temp,24.328
2024-01-01 10:01:11,D3,Humidity,56.424
2024-01-01 10:01:10,D3,Temp,22.501
2024-01-01 10:01:07,D3,Temp,23.396
2024-01-01 10:01:08,D3,Humidity,54.855
2024-01-01 10:01:04,D1,Humidity,53.436
2024-01-01 10:01:07,D1,Humidity,55.71
2024-01-01 10:01:03,D2,Temp,25.112
2024-01-01 10:01:08,D2,Humidity,57.84
2024-01-01 10:01:12,D1,Temp,23.756
2024-01-01 10:01:05,D3,Humidity,54.388
2024-01-01 10:01:13,D1,Humidity,54.525
2024-01-01 10:01:11,D2,Humidity,55.77
2024-01-01 10:01:13,D3,Temp,22.372
2024-01-01 10:01:05,D2,Humidity,55.853
2024-01-01 10:01:14,D2,Humidity,56.313
2024-01-01 10:01:02,D3,Humidity,54.004
2024-01-01 10:01:09,D2,Temp,24.791
2024-01-01 10:01:12,D2,Temp,25.128
2024-01-01 10:01:04,D3,Temp,23.546
2024-01-01 10:01:03,D1,Temp,24.913
2024-01-01 10:01:17,D2,Humidity,56.62
2024-01-01 10:01:19,D3,Temp,23.035
2024-01-01 10:01:20,D3,Humidity,54.731
2024-01-01 10:01:26,D2,Humidity,53.928
2024-01-01 10:01:20,D2,Humidity,57.529
2024-01-01 10:01:18,D1,Temp,23.72
2024-01-01 10:01:22,D3,Temp,23.097
2024-01-01 10:01:26,D3,Humidity,54.359
2024-01-01 10:01:23,D3,Humidity,55.779
2024-01-01 10:01:24,D2,Temp,25.208
2024-01-01 10:01:23,D2,Humidity,56.134
2024-01-01 10:01:27,D1,Temp,24.092
2024-01-01 10:01:24,D1,Temp,24.047
2024-01-01 10:01:22,D1,Humidity,54.645
2024-01-01 10:01:15,D1,Temp,24.579
2024-01-01 10:01:16,D1,Humidity,55.549
2024-01-01 10:01:16,D3,Temp,22.553
2024-01-01 10:01:21,D2,Temp,25.861
2024-01-01 10:01:18,D2,Temp,25.453
2024-01-01 10:01:19,D1,Humidity,55.84
2024-01-01 10:01:21,D1,Temp,24.115
2024-01-01 10:01:15,D2,Temp,24.982
2024-01-01 10:01:17,D3,Humidity,54.59
2024-01-01 10:01:25,D3,Temp,23.478
2024-01-01 10:01:25,D1,Humidity,54.385
2024-01-01 10:01:39,D2,Temp,24.997
2024-01-01 10:01:38,D3,Humidity,53.88
2024-01-01 10:01:34,D3,Temp,23.16
2024-01-01 10:01:36,D2,Temp,25.906
2024-01-01 10:01:31,D1,Humidity,54.946
2024-01-01 10:01:30,D1,Temp,23.922
2024-01-01 10:01:29,D3,Humidity,54.622
2024-01-01 10:01:27,D2,Temp,24.757
2024-01-01 10:01:28,D3,Temp,23.348
2024-01-01 10:01:35,D3,Humidity,54.457
2024-01-01 10:01:36,D1,Temp,24.001
2024-01-01 10:01:34,D1,Humidity,56.218
2024-01-01 10:01:38,D2,Humidity,55.633
2024-01-01 10:01:30,D2,Temp,24.407
2024-01-01 10:01:37,D1,Humidity,55.834
2024-01-01 10:01:32,D2,Humidity,55.106
2024-01-01 10:01:33,D1,Temp,24.195
2024-01-01 10:01:32,D3,Humidity,54.628
2024-01-01 10:01:37,D3,Temp,22.255
2024-01-01 10:01:29,D2,Humidity,54.806
2024-01-01 10:01:39,D1,Temp,24.761
2024-01-01 10:01:33,D2,Temp,24.769
2024-01-01 10:01:31,D3,Temp,23.181
2024-01-01 10:01:28,D1,Humidity,55.729
2024-01-01 10:01:35,D2,Humidity,55.145
2024-01-01 10:01:47,D3,Humidity,52.956
2024-01-01 10:01:40,D3,Temp,23.896
2024-01-01 10:01:48,D1,Temp,23.402
2024-01-01 10:01:48,D2,Temp,24.781
2024-01-01 10:01:43,D1,Humidity,55.243
2024-01-01 10:01:50,D3,Humidity,53.692
2024-01-01 10:01:44,D2,Humidity,53.474
2024-01-01 10:01:52,D3,Temp,23.496
2024-01-01 10:01:45,D1,Temp,23.933
2024-01-01 10:01:42,D2,Temp,25.025
2024-01-01 10:01:49,D3,Temp,23.189
2024-01-01 10:01:45,D2,Temp,25.697
2024-01-01 10:01:44,D3,Humidity,56.403
2024-01-01 10:01:40,D1,Humidity,54.469
2024-01-01 10:01:46,D3,Temp,22.597
2024-01-01 10:01:51,D1,Temp,23.359
2024-01-01 10:01:41,D3,Humidity,53.411
2024-01-01 10:01:41,D2,Humidity,56.421
2024-01-01 10:01:43,D3,Temp,22.887
2024-01-01 10:01:47,D2,Humidity,59.798
2024-01-01 10:01:49,D1,Humidity,55.832
2024-01-01 10:01:46,D1,Humidity,55.351
2024-01-01 10:01:42,D1,Temp,23.724
2024-01-01 10:01:51,D2,Temp,24.826
2024-01-01 10:01:50,D2,Humidity,57.548
2024-01-01 10:01:55,D3,Temp,23.225
2024-01-01 10:01:58,D1,Humidity,54.426
2024-01-01 10:01:53,D3,Humidity,53.958
2024-01-01 10:01:56,D3,Humidity,52.988
2024-01-01 10:02:04,D3,Temp,22.84
2024-01-01 10:01:53,D2,Humidity,53.652
2024-01-01 10:01:59,D3,Humidity,53.067
2024-01-01 10:01:59,D2,Humidity,54.618
2024-01-01 10:02:04,D1,Humidity,54.107
2024-01-01 10:01:54,D1,Temp,24.559
2024-01-01 10:02:01,D1,Humidity,54.6
2024-01-01 10:01:57,D2,Temp,25.201
2024-01-01 10:01:54,D2,Temp,25.851
2024-01-01 10:02:00,D1,Temp,23.537
2024-01-01 10:01:58,D3,Temp,23.232
2024-01-01 10:02:00,D2,Temp,25.257
2024-01-01 10:01:55,D1,Humidity,55.371
2024-01-01 10:02:02,D3,Humidity,55.826
2024-01-01 10:01:52,D1,Humidity,55.559
2024-01-01 10:01:57,D1,Temp,24.019
2024-01-01 10:02:03,D1,Temp,24.029
2024-01-01 10:02:03,D2,Temp,25.401
2024-01-01 10:02:02,D2,Humidity,56.54
2024-01-01 10:02:01,D3,Temp,22.075
2024-01-01 10:01:56,D2,Humidity,54.512
2024-01-01 10:02:13,D3,Temp,22.098
2024-01-01 10:02:16,D1,Humidity,52.572
2024-01-01 10:02:09,D1,Temp,23.911
2024-01-01 10:02:06,D1,Temp,24.398
2024-01-01 10:02:08,D3,Humidity,54.369
2024-01-01 10:02:08,D2,Humidity,56.744
2024-01-01 10:02:15,D1,Temp,24.138
2024-01-01 10:02:06,D2,Temp,25.195
2024-01-01 10:02:16,D3,Temp,22.51
2024-01-01 10:02:12,D1,Temp,24.313
2024-01-01 10:02:14,D3,Humidity,53.876
2024-01-01 10:02:09,D2,Temp,25.926
2024-01-01 10:02:05,D2,Humidity,55.191
2024-01-01 10:02:05,D3,Humidity,55.833
2024-01-01 10:02:15,D2,Temp,24.692
2024-01-01 10:02:12,D2,Temp,24.461
2024-01-01 10:02:07,D1,Humidity,54.961
2024-01-01 10:02:13,D1,Humidity,52.712
2024-01-01 10:02:17,D2,Humidity,56.395
2024-01-01 10:02:11,D3,Humidity,54.514
2024-01-01 10:02:14,D2,Humidity,55.915
2024-01-01 10:02:11,D2,Humidity,55.52
2024-01-01 10:02:07,D3,Temp,24.332
2024-01-01 10:02:10,D3,Temp,23.603
2024-01-01 10:02:10,D1,Humidity,53.321
2024-01-01 10:02:21,D1,Temp,23.792
2024-01-01 10:02:29,D3,Humidity,55.132
2024-01-01 10:02:23,D2,Humidity,56.3
2024-01-01 10:02:22,D1,Humidity,55.188
2024-01-01 10:02:17,D3,Humidity,54.444
2024-01-01 10:02:22,D3,Temp,22.134
2024-01-01 10:02:24,D2,Temp,25.149
2024-01-01 10:02:20,D3,Humidity,53.207
2024-01-01 10:02:20,D2,Humidity,55.836
2024-01-01 10:02:29,D2,Humidity,58.214
2024-01-01 10:02:25,D3,Temp,23.687
2024-01-01 10:02:19,D3,Temp,22.924
2024-01-01 10:02:25,D1,Humidity,55.046
2024-01-01 10:02:18,D1,Temp,24.397
2024-01-01 10:02:26,D3,Humidity,53.29
2024-01-01 10:02:28,D3,Temp,22.95
2024-01-01 10:02:21,D2,Temp,24.766
2024-01-01 10:02:19,D1,Humidity,56.619
2024-01-01 10:02:27,D1,Temp,23.972
2024-01-01 10:02:26,D2,Humidity,55.391
2024-01-01 10:02:27,D2,Temp,24.494
2024-01-01 10:02:18,D2,Temp,25.316
2024-01-01 10:02:23,D3,Humidity,53.565
2024-01-01 10:02:28,D1,Humidity,55.073
2024-01-01 10:02:24,D1,Temp,23.714
2024-01-01 10:02:33,D1,Temp,23.693
2024-01-01 10:02:40,D1,Humidity,52.533
2024-01-01 10:02:32,D2,Humidity,56.374
2024-01-01 10:02:39,D1,Temp,24.52
2024-01-01 10:02:37,D1,Humidity,52.553
2024-01-01 10:02:34,D3,Temp,23.227
2024-01-01 10:02:32,D3,Humidity,54.502
2024-01-01 10:02:36,D1,Temp,24.001
2024-01-01 10:02:30,D1,Temp,24.414
2024-01-01 10:02:38,D2,Humidity,54.61
2024-01-01 10:02:40,D3,Temp,23.721
2024-01-01 10:02:39,D2,Temp,25.761
2024-01-01 10:02:38,D3,Humidity,54.927
2024-01-01 10:02:35,D3,Humidity,53.511
2024-01-01 10:02:35,D2,Humidity,56.663
2024-01-01 10:02:34,D1,Humidity,52.717
2024-01-01 10:02:41,D2,Humidity,56.923
2024-01-01 10:02:37,D3,Temp,23.156
2024-01-01 10:02:31,D1,Humidity,53.633
2024-01-01 10:02:36,D2,Temp,25.186
2024-01-01 10:02:31,D3,Temp,23.268
2024-01-01 10:02:42,D1,Temp,24.645
2024-01-01 10:02:30,D2,Temp,24.715
2024-01-01 10:02:33,D2,Temp,25.8
2024-01-01 10:02:41,D3,Humidity,51.7
2024-01-01 10:02:50,D2,Humidity,56.242
2024-01-01 10:02:45,D2,Temp,24.708
2024-01-01 10:02:50,D3,Humidity,53.172
2024-01-01 10:02:51,D1,Temp,24.259
2024-01-01 10:02:49,D1,Humidity,55.253
2024-01-01 10:02:52,D1,Humidity,57.114
2024-01-01 10:02:52,D3,Temp,22.622
2024-01-01 10:02:54,D2,Temp,24.686
2024-01-01 10:02:48,D2,Temp,25.726
2024-01-01 10:02:46,D3,Temp,23.045
2024-01-01 10:02:43,D3,Temp,22.544
2024-01-01 10:02:51,D2,Temp,25.039
2024-01-01 10:02:47,D2,Humidity,57.648
2024-01-01 10:02:54,D1,Temp,23.745
2024-01-01 10:02:53,D3,Humidity,45.5
2024-01-01 10:02:43,D1,Humidity,57.412
2024-01-01 10:02:53,D2,Humidity,56.95
2024-01-01 10:02:49,D3,Temp,22.669
2024-01-01 10:02:47,D3,Humidity,52.292
2024-01-01 10:02:42,D2,Temp,25.101
2024-01-01 10:02:44,D2,Humidity,56.773
2024-01-01 10:02:46,D1,Humidity,54.442
2024-01-01 10:02:44,D3,Humidity,51.731
2024-01-01 10:02:48,D1,Temp,24.127
2024-01-01 10:02:45,D1,Temp,24.117
2024-01-01 10:03:07,D3,Temp,22.9
2024-01-01 10:03:01,D3,Temp,22.624
2024-01-01 10:03:00,D1,Temp,23.953
2024-01-01 10:03:06,D1,Temp,23.97
2024-01-01 10:03:02,D2,Humidity,54.819
2024-01-01 10:03:00,D2,Temp,24.656
2024-01-01 10:02:57,D1,Temp,24.247
2024-01-01 10:03:01,D1,Humidity,54.111
2024-01-01 10:02:59,D3,Humidity,54.807
2024-01-01 10:02:56,D2,Humidity,56.551
2024-01-01 10:02:58,D3,Temp,23.306
2024-01-01 10:02:57,D2,Temp,24.954
2024-01-01 10:03:04,D1,Humidity,55.029
2024-01-01 10:03:02,D3,Humidity,55.039
2024-01-01 10:03:05,D2,Humidity,54.142
2024-01-01 10:03:03,D2,Temp,25.628
2024-01-01 10:02:55,D1,Humidity,54.824
2024-01-01 10:02:55,D3,Temp,23.492
2024-01-01 10:03:03,D1,Temp,23.981
2024-01-01 10:02:58,D1,Humidity,54.78
2024-01-01 10:03:06,D2,Temp,24.405
2024-01-01 10:03:05,D3,Humidity,53.542
2024-01-01 10:03:04,D3,Temp,23.912
2024-01-01 10:02:56,D3,Humidity,53.779
2024-01-01 10:02:59,D2,Humidity,56.996
2024-01-01 10:03:19,D1,Humidity,53.891
2024-01-01 10:03:17,D2,Humidity,56.987
2024-01-01 10:03:18,D2,Temp,25.225
2024-01-01 10:03:09,D2,Temp,25.715
2024-01-01 10:03:10,D3,Temp,22.936
2024-01-01 10:03:14,D3,Humidity,53.339
2024-01-01 10:03:12,D1,Temp,23.726
2024-01-01 10:03:11,D2,Humidity,55.553
2024-01-01 10:03:15,D1,Temp,24.453
2024-01-01 10:03:10,D1,Humidity,54.004
2024-01-01 10:03:07,D1,Humidity,55.344
2024-01-01 10:03:18,D1,Temp,23.523
2024-01-01 10:03:13,D1,Humidity,55.899
2024-01-01 10:03:16,D3,Temp,22.841
2024-01-01 10:03:17,D3,Humidity,54.003
2024-01-01 10:03:08,D2,Humidity,55.449
2024-01-01 10:03:15,D2,Temp,24.683
2024-01-01 10:03:09,D1,Temp,23.696
2024-01-01 10:03:13,D3,Temp,23.291
2024-01-01 10:03:16,D1,Humidity,56.435
2024-01-01 10:03:08,D3,Humidity,53.078
2024-01-01 10:03:11,D3,Humidity,55.145
2024-01-01 10:03:12,D2,Temp,25.193
2024-01-01 10:03:19,D3,Temp,22.748
2024-01-01 10:03:14,D2,Humidity,57.68
2024-01-01 10:03:22,D3,Temp,23.07
2024-01-01 10:03:22,D1,Humidity,54.299
2024-01-01 10:03:31,D3,Temp,23.211
2024-01-01 10:03:25,D3,Temp,23.278
2024-01-01 10:03:20,D3,Humidity,54.296
2024-01-01 10:03:30,D1,Temp,23.516
2024-01-01 10:03:29,D3,Humidity,53.622
2024-01-01 10:03:32,D2,Humidity,55.103
2024-01-01 10:03:21,D1,Temp,23.152
2024-01-01 10:03:26,D3,Humidity,53.243
2024-01-01 10:03:24,D1,Temp,23.757
2024-01-01 10:03:28,D3,Temp,23.015
2024-01-01 10:03:21,D2,Temp,25.144
2024-01-01 10:03:28,D1,Humidity,56.362
2024-01-01 10:03:26,D2,Humidity,55.601
2024-01-01 10:03:27,D2,Temp,25.084
2024-01-01 10:03:31,D1,Humidity,56.741
2024-01-01 10:03:27,D1,Temp,24.028
2024-01-01 10:03:23,D3,Humidity,54.734
2024-01-01 10:03:30,D2,Temp,25.289
2024-01-01 10:03:29,D2,Humidity,56.274
2024-01-01 10:03:24,D2,Temp,24.732
2024-01-01 10:03:23,D2,Humidity,57.244
2024-01-01 10:03:25,D1,Humidity,53.181
2024-01-01 10:03:20,D2,Humidity,55.222
2024-01-01 10:03:35,D2,Humidity,56.99
2024-01-01 10:03:36,D2,Temp,25.9
2024-01-01 10:03:42,D2,Temp,24.653
2024-01-01 10:03:43,D1,Humidity,53.604
2024-01-01 10:03:39,D2,Temp,25.194
2024-01-01 10:03:44,D3,Humidity,52.678
2024-01-01 10:03:41,D3,Humidity,52.342
2024-01-01 10:03:42,D1,Temp,24.428
2024-01-01 10:03:40,D3,Temp,22.412
2024-01-01 10:03:33,D1,Temp,23.977
2024-01-01 10:03:34,D1,Humidity,52.943
2024-01-01 10:03:38,D2,Humidity,56.012
2024-01-01 10:03:33,D2,Temp,24.965
2024-01-01 10:03:44,D2,Humidity,56.733
2024-01-01 10:03:41,D2,Humidity,53.575
2024-01-01 10:03:39,D1,Temp,23.308
2024-01-01 10:03:36,D1,Temp,24.452
2024-01-01 10:03:40,D1,Humidity,51.902
2024-01-01 10:03:35,D3,Humidity,54.784
2024-01-01 10:03:34,D3,Temp,23.004
2024-01-01 10:03:37,D3,Temp,22.872
2024-01-01 10:03:38,D3,Humidity,56.331
2024-01-01 10:03:43,D3,Temp,22.909
2024-01-01 10:03:32,D3,Humidity,54.032
2024-01-01 10:03:37,D1,Humidity,54.957
2024-01-01 10:03:52,D3,Temp,22.789
2024-01-01 10:03:50,D2,Humidity,56.87
2024-01-01 10:03:54,D2,Temp,24.86
2024-01-01 10:03:49,D3,Temp,22.776
2024-01-01 10:03:45,D1,Temp,24.527
2024-01-01 10:03:53,D3,Humidity,55.834
2024-01-01 10:03:57,D1,Temp,23.239
2024-01-01 10:03:48,D2,Temp,24.517
2024-01-01 10:03:49,D1,Humidity,54.313
2024-01-01 10:03:50,D3,Humidity,54.461
2024-01-01 10:03:48,D1,Temp,24.048
2024-01-01 10:03:47,D3,Humidity,55.71
2024-01-01 10:03:56,D2,Humidity,55.295
2024-01-01 10:03:52,D1,Humidity,54.837
2024-01-01 10:03:56,D3,Humidity,54.412
2024-01-01 10:03:55,D1,Humidity,55.823
2024-01-01 10:03:51,D2,Temp,25.348
2024-01-01 10:03:45,D2,Temp,24.603
2024-01-01 10:03:46,D3,Temp,22.694
2024-01-01 10:03:51,D1,Temp,23.952
2024-01-01 10:03:55,D3,Temp,22.582
2024-01-01 10:03:47,D2,Humidity,56.03
2024-01-01 10:03:53,D2,Humidity,56.217
2024-01-01 10:03:46,D1,Humidity,55.147
2024-01-01 10:03:54,D1,Temp,23.961
2024-01-01 10:04:01,D1,Humidity,56.612
2024-01-01 10:04:02,D2,Humidity,57.799
2024-01-01 10:04:06,D1,Temp,23.911
2024-01-01 10:03:57,D2,Temp,25.417
2024-01-01 10:04:03,D2,Temp,25.323
2024-01-01 10:04:08,D3,Humidity,54.408
2024-01-01 10:04:05,D2,Humidity,56.155
2024-01-01 10:04:05,D3,Humidity,54.83
2024-01-01 10:03:58,D1,Humidity,54.067
2024-01-01 10:04:07,D3,Temp,22.689
2024-01-01 10:03:58,D3,Temp,22.467
2024-01-01 10:04:06,D2,Temp,25.038
2024-01-01 10:04:07,D1,Humidity,56.551
2024-01-01 10:04:09,D2,Temp,25.043
2024-01-01 10:04:01,D3,Temp,29.756
2024-01-01 10:04:00,D2,Temp,25.03
2024-01-01 10:04:03,D1,Temp,23.42
2024-01-01 10:04:09,D1,Temp,23.795
2024-01-01 10:04:04,D3,Temp,22.479
2024-01-01 10:04:02,D3,Humidity,51.634
2024-01-01 10:04:08,D2,Humidity,55.406
2024-01-01 10:04:04,D1,Humidity,54.534
2024-01-01 10:04:00,D1,Temp,23.968
2024-01-01 10:03:59,D2,Humidity,57.27
2024-01-01 10:03:59,D3,Humidity,62.206
2024-01-01 10:04:12,D2,Temp,25.097
2024-01-01 10:04:17,D2,Humidity,56.029
2024-01-01 10:04:22,D3,Temp,22.612
2024-01-01 10:04:18,D2,Temp,25.165
2024-01-01 10:04:20,D2,Humidity,57.114
2024-01-01 10:04:15,D1,Temp,24.085
2024-01-01 10:04:19,D1,Humidity,55.182
2024-01-01 10:04:11,D3,Humidity,54.956
2024-01-01 10:04:19,D3,Temp,23.494
2024-01-01 10:04:17,D3,Humidity,51.734
2024-01-01 10:04:20,D3,Humidity,53.999
2024-01-01 10:04:13,D3,Temp,23.293
2024-01-01 10:04:10,D3,Temp,22.933
2024-01-01 10:04:21,D2,Temp,24.435
2024-01-01 10:04:16,D1,Humidity,53.831
2024-01-01 10:04:14,D2,Humidity,57.114
2024-01-01 10:04:14,D3,Humidity,54.364
2024-01-01 10:04:10,D1,Humidity,54.805
2024-01-01 10:04:18,D1,Temp,23.998
2024-01-01 10:04:16,D3,Temp,23.028
2024-01-01 10:04:15,D2,Temp,25.346
2024-01-01 10:04:13,D1,Humidity,56.006
2024-01-01 10:04:21,D1,Temp,23.591
2024-01-01 10:04:11,D2,Humidity,54.783
2024-01-01 10:04:12,D1,Temp,24.566
2024-01-01 10:04:33,D2,Temp,24.896
2024-01-01 10:04:31,D3,Temp,23.071
2024-01-01 10:04:32,D3,Humidity,55.67
2024-01-01 10:04:32,D2,Humidity,55.315
2024-01-01 10:04:33,D1,Temp,24.388
2024-01-01 10:04:29,D2,Humidity,55.992
2024-01-01 10:04:30,D1,Temp,24.436
2024-01-01 10:04:27,D1,Temp,23.787
2024-01-01 10:04:25,D3,Temp,23.418
2024-01-01 10:04:29,D3,Humidity,53.408
2024-01-01 10:04:30,D2,Temp,24.062
2024-01-01 10:04:34,D3,Temp,29.708
2024-01-01 10:04:27,D2,Temp,24.351
2024-01-01 10:04:24,D1,Temp,24.228
2024-01-01 10:04:34,D1,Humidity,54.534
2024-01-01 10:04:22,D1,Humidity,53.361
2024-01-01 10:04:31,D1,Humidity,55.172
2024-01-01 10:04:26,D3,Humidity,53.671
2024-01-01 10:04:23,D3,Humidity,53.751
2024-01-01 10:04:28,D3,Temp,23.27
2024-01-01 10:04:28,D1,Humidity,56.427
2024-01-01 10:04:25,D1,Humidity,56.272
2024-01-01 10:04:24,D2,Temp,25.029
2024-01-01 10:04:26,D2,Humidity,55.226
2024-01-01 10:04:23,D2,Humidity,56.76
2024-01-01 10:04:35,D3,Humidity,52.43
2024-01-01 10:04:43,D1,Humidity,56.88
2024-01-01 10:04:40,D3,Temp,22.653
2024-01-01 10:04:46,D3,Temp,22.895
2024-01-01 10:04:45,D1,Temp,23.887
2024-01-01 10:04:43,D3,Temp,23.802
2024-01-01 10:04:39,D1,Temp,24.075
2024-01-01 10:04:44,D3,Humidity,52.304
2024-01-01 10:04:36,D2,Temp,25.411
2024-01-01 10:04:39,D2,Temp,24.638
2024-01-01 10:04:45,D2,Temp,24.588
2024-01-01 10:04:36,D1,Temp,24.552
2024-01-01 10:04:38,D3,Humidity,56.376
2024-01-01 10:04:42,D1,Temp,24.435
2024-01-01 10:04:37,D3,Temp,23.319
2024-01-01 10:04:44,D2,Humidity,54.515
2024-01-01 10:04:38,D2,Humidity,58.497
2024-01-01 10:04:40,D1,Humidity,55.502
2024-01-01 10:04:37,D1,Humidity,53.687
2024-01-01 10:04:41,D3,Humidity,53.959
2024-01-01 10:04:47,D2,Humidity,55.726
2024-01-01 10:04:35,D2,Humidity,55.385
2024-01-01 10:04:42,D2,Temp,24.397
2024-01-01 10:04:41,D2,Humidity,54.904
2024-01-01 10:04:46,D1,Humidity,51.903
2024-01-01 10:04:52,D3,Temp,23.22
2024-01-01 10:04:57,D2,Temp,25.695
2024-01-01 10:04:58,D1,Humidity,54.08
2024-01-01 10:04:57,D1,Temp,23.557
2024-01-01 10:04:48,D1,Temp,23.553
2024-01-01 10:04:48,D2,Temp,24.891
2024-01-01 10:04:49,D3,Temp,22.404
2024-01-01 10:04:52,D1,Humidity,54.393
2024-01-01 10:04:54,D2,Temp,25.067
2024-01-01 10:04:58,D3,Temp,22.903
2024-01-01 10:04:59,D3,Humidity,54.186
2024-01-01 10:04:56,D3,Humidity,56.085
2024-01-01 10:04:50,D2,Humidity,55.73
2024-01-01 10:04:53,D2,Humidity,54.393
2024-01-01 10:04:55,D3,Temp,23.15
2024-01-01 10:04:59,D2,Humidity,58.913
2024-01-01 10:04:47,D3,Humidity,56.163
2024-01-01 10:04:56,D2,Humidity,56.506
2024-01-01 10:04:51,D1,Temp,24.083
2024-01-01 10:04:55,D1,Humidity,54.388
2024-01-01 10:04:50,D3,Humidity,56.329
2024-01-01 10:04:54,D1,Temp,23.93
2024-01-01 10:04:49,D1,Humidity,63.402
2024-01-01 10:04:53,D3,Humidity,54.362
2024-01-01 10:04:51,D2,Temp,24.851
2024-01-01 10:05:04,D1,Humidity,55.469
2024-01-01 10:05:06,D2,Temp,24.778
2024-01-01 10:05:08,D3,Humidity,52.925
2024-01-01 10:05:09,D2,Temp,24.696
2024-01-01 10:05:10,D3,Temp,22.998
2024-01-01 10:05:11,D2,Humidity,56.214
2024-01-01 10:05:01,D3,Temp,22.328
2024-01-01 10:05:03,D1,Temp,23.291
2024-01-01 10:05:06,D1,Temp,23.605
2024-01-01 10:05:12,D1,Temp,23.339
2024-01-01 10:05:11,D3,Humidity,54.567
2024-01-01 10:05:02,D2,Humidity,55.37
2024-01-01 10:05:07,D3,Temp,22.587
2024-01-01 10:05:05,D2,Humidity,55.633
2024-01-01 10:05:10,D1,Humidity,55.609
2024-01-01 10:05:01,D1,Humidity,55.145
2024-01-01 10:05:02,D3,Humidity,52.39
2024-01-01 10:05:03,D2,Temp,25.041
2024-01-01 10:05:09,D1,Temp,23.907
2024-01-01 10:05:05,D3,Humidity,53.042
2024-01-01 10:05:08,D2,Humidity,55.973
2024-01-01 10:05:07,D1,Humidity,54.756
2024-01-01 10:05:00,D2,Temp,25.327
2024-01-01 10:05:04,D3,Temp,23.236
2024-01-01 10:05:00,D1,Temp,24.548
2024-01-01 10:05:18,D2,Temp,25.061
2024-01-01 10:05:15,D1,Temp,24.483
2024-01-01 10:05:20,D3,Humidity,53.755
2024-01-01 10:05:22,D3,Temp,23.315
2024-01-01 10:05:19,D1,Humidity,54.795
2024-01-01 10:05:17,D2,Humidity,56.297
2024-01-01 10:05:19,D3,Temp,22.687
2024-01-01 10:05:14,D2,Humidity,54.082
2024-01-01 10:05:17,D3,Humidity,54.81
2024-01-01 10:05:13,D3,Temp,23.111
2024-01-01 10:05:22,D1,Humidity,53.974
2024-01-01 10:05:16,D3,Temp,22.962
2024-01-01 10:05:13,D1,Humidity,55.769
2024-01-01 10:05:21,D1,Temp,23.933
2024-01-01 10:05:16,D1,Humidity,55.541
2024-01-01 10:05:20,D2,Humidity,57.504
2024-01-01 10:05:15,D2,Temp,24.929
2024-01-01 10:05:14,D3,Humidity,54.191
2024-01-01 10:05:23,D2,Humidity,57.093
2024-01-01 10:05:24,D2,Temp,25.082
2024-01-01 10:05:12,D2,Temp,24.849
2024-01-01 10:05:21,D2,Temp,24.803
2024-01-01 10:05:18,D1,Temp,24.029
2024-01-01 10:05:23,D3,Humidity,52.876
2024-01-01 10:05:24,D1,Temp,23.577
2024-01-01 10:05:32,D3,Humidity,52.368
2024-01-01 10:05:26,D3,Humidity,53.505
2024-01-01 10:05:33,D2,Temp,24.723
2024-01-01 10:05:28,D1,Humidity,55.759
2024-01-01 10:05:29,D3,Humidity,54.225
2024-01-01 10:05:32,D2,Humidity,56.148
2024-01-01 10:05:26,D2,Humidity,57.275
2024-01-01 10:05:37,D3,Temp,22.602
2024-01-01 10:05:36,D2,Temp,24.979
2024-01-01 10:05:30,D2,Temp,24.869
2024-01-01 10:05:31,D1,Humidity,54.977
2024-01-01 10:05:35,D2,Humidity,53.772
2024-01-01 10:05:29,D2,Humidity,56.644
2024-01-01 10:05:34,D3,Temp,22.567
2024-01-01 10:05:31,D3,Temp,23.201
2024-01-01 10:05:33,D1,Temp,24.072
2024-01-01 10:05:36,D1,Temp,24.341
2024-01-01 10:05:25,D3,Temp,23.052
2024-01-01 10:05:25,D1,Humidity,55.357
2024-01-01 10:05:35,D3,Humidity,54.838
2024-01-01 10:05:27,D2,Temp,24.636
2024-01-01 10:05:30,D1,Temp,23.686
2024-01-01 10:05:27,D1,Temp,24.177
2024-01-01 10:05:28,D3,Temp,23.504
2024-01-01 10:05:34,D1,Humidity,54.814
2024-01-01 10:05:45,D2,Temp,24.579
2024-01-01 10:05:39,D1,Temp,24.072
2024-01-01 10:05:42,D1,Temp,24.438
2024-01-01 10:05:38,D2,Humidity,55.819
2024-01-01 10:05:41,D3,Humidity,54.421
2024-01-01 10:05:49,D3,Temp,22.553
2024-01-01 10:05:47,D2,Humidity,56.396
2024-01-01 10:05:40,D1,Humidity,54.407
2024-01-01 10:05:37,D1,Humidity,53.866
2024-01-01 10:05:48,D1,Temp,23.507
2024-01-01 10:05:38,D3,Humidity,51.092
2024-01-01 10:05:44,D3,Humidity,55.867
2024-01-01 10:05:44,D2,Humidity,56.218
2024-01-01 10:05:46,D1,Humidity,52.484
2024-01-01 10:05:39,D2,Temp,25.266
2024-01-01 10:05:43,D1,Humidity,54.446
2024-01-01 10:05:48,D2,Temp,24.21
2024-01-01 10:05:41,D2,Humidity,56.218
2024-01-01 10:05:43,D3,Temp,22.724
2024-01-01 10:05:46,D3,Temp,22.652
2024-01-01 10:05:40,D3,Temp,22.875
2024-01-01 10:05:42,D2,Temp,25.007
2024-01-01 10:05:49,D1,Humidity,55.682
2024-01-01 10:05:45,D1,Temp,23.872
2024-01-01 10:05:47,D3,Humidity,52.366
2024-01-01 10:06:01,D3,Temp,23.269
2024-01-01 10:05:53,D2,Humidity,55.99
2024-01-01 10:06:00,D2,Temp,25.555
2024-01-01 10:05:54,D1,Temp,23.95
2024-01-01 10:05:54,D2,Temp,25.2
2024-01-01 10:05:55,D1,Humidity,53.275
2024-01-01 10:05:56,D2,Humidity,57.323
2024-01-01 10:05:50,D2,Humidity,54.426
2024-01-01 10:06:02,D2,Humidity,60.502
2024-01-01 10:05:56,D3,Humidity,53.502
2024-01-01 10:05:50,D3,Humidity,51.9
2024-01-01 10:05:58,D1,Humidity,55.316
2024-01-01 10:05:58,D3,Temp,23.412
2024-01-01 10:05:57,D1,Temp,23.836
2024-01-01 10:05:52,D1,Humidity,55.889
2024-01-01 10:06:01,D1,Humidity,53.653
2024-01-01 10:05:51,D1,Temp,24.071
2024-01-01 10:05:55,D3,Temp,22.767
2024-01-01 10:05:52,D3,Temp,23.173
2024-01-01 10:05:57,D2,Temp,25.006
2024-01-01 10:05:51,D2,Temp,24.864
2024-01-01 10:05:59,D2,Humidity,55.6
2024-01-01 10:06:00,D1,Temp,24.859
2024-01-01 10:05:53,D3,Humidity,52.443
2024-01-01 10:05:59,D3,Humidity,54.819
2024-01-01 10:06:03,D2,Temp,24.72
2024-01-01 10:06:12,D2,Temp,25.936
2024-01-01 10:06:07,D1,Humidity,54.13
2024-01-01 10:06:04,D1,Humidity,55.504
2024-01-01 10:06:13,D1,Humidity,53.603
2024-01-01 10:06:08,D2,Humidity,55.476
2024-01-01 10:06:07,D3,Temp,22.512
2024-01-01 10:06:14,D3,Humidity,60.838
2024-01-01 10:06:06,D1,Temp,24.219
2024-01-01 10:06:13,D3,Temp,23.197
2024-01-01 10:06:10,D1,Humidity,52.922
2024-01-01 10:06:06,D2,Temp,24.873
2024-01-01 10:06:11,D2,Humidity,55.113
2024-01-01 10:06:05,D3,Humidity,54.321
2024-01-01 10:06:12,D1,Temp,23.771
2024-01-01 10:06:10,D3,Temp,22.62
2024-01-01 10:06:11,D3,Humidity,55.619
2024-01-01 10:06:05,D2,Humidity,54.287
2024-01-01 10:06:09,D1,Temp,23.792
2024-01-01 10:06:09,D2,Temp,25.294
2024-01-01 10:06:08,D3,Humidity,54.027
2024-01-01 10:06:03,D1,Temp,23.851
2024-01-01 10:06:02,D3,Humidity,52.562
2024-01-01 10:06:14,D2,Humidity,54.999
2024-01-01 10:06:04,D3,Temp,23.651
2024-01-01 10:06:20,D3,Humidity,52.32
2024-01-01 10:06:26,D2,Humidity,56.827
2024-01-01 10:06:17,D2,Humidity,57.752
2024-01-01 10:06:26,D3,Humidity,55.274
2024-01-01 10:06:22,D3,Temp,22.127
2024-01-01 10:06:25,D3,Temp,22.771
2024-01-01 10:06:15,D2,Temp,25.95
2024-01-01 10:06:24,D1,Temp,24.778
2024-01-01 10:06:22,D1,Humidity,54.163
2024-01-01 10:06:18,D1,Temp,23.602
2024-01-01 10:06:15,D1,Temp,23.529
2024-01-01 10:06:18,D2,Temp,24.891
2024-01-01 10:06:21,D2,Temp,24.731
2024-01-01 10:06:19,D1,Humidity,56.051
2024-01-01 10:06:23,D3,Humidity,54.704
2024-01-01 10:06:23,D2,Humidity,54.281
2024-01-01 10:06:25,D1,Humidity,54.439
2024-01-01 10:06:24,D2,Temp,25.744
2024-01-01 10:06:21,D1,Temp,24.017
2024-01-01 10:06:17,D3,Humidity,53.869
2024-01-01 10:06:27,D1,Temp,23.833
2024-01-01 10:06:16,D3,Temp,22.604
2024-01-01 10:06:16,D1,Humidity,55.817
2024-01-01 10:06:19,D3,Temp,23.145
2024-01-01 10:06:20,D2,Humidity,56.068
2024-01-01 10:06:35,D2,Humidity,57.261
2024-01-01 10:06:29,D3,Humidity,54.144
2024-01-01 10:06:33,D2,Temp,24.963
2024-01-01 10:06:34,D1,Humidity,54.626
2024-01-01 10:06:32,D3,Humidity,56.252
2024-01-01 10:06:33,D1,Temp,24.297
2024-01-01 10:06:35,D3,Humidity,53.326
2024-01-01 10:06:39,D2,Temp,24.964
2024-01-01 10:06:30,D1,Temp,24.232
2024-01-01 10:06:27,D2,Temp,24.943
2024-01-01 10:06:28,D1,Humidity,54.871
2024-01-01 10:06:38,D2,Humidity,53.591
2024-01-01 10:06:37,D1,Humidity,57.091
2024-01-01 10:06:36,D2,Temp,24.451
2024-01-01 10:06:30,D2,Temp,24.591
2024-01-01 10:06:28,D3,Temp,23.883
2024-01-01 10:06:29,D2,Humidity,55.418
2024-01-01 10:06:31,D3,Temp,22.901
2024-01-01 10:06:37,D3,Temp,22.884
2024-01-01 10:06:32,D2,Humidity,55.666
2024-01-01 10:06:31,D1,Humidity,53.6
2024-01-01 10:06:39,D1,Temp,23.259
2024-01-01 10:06:36,D1,Temp,24.58
2024-01-01 10:06:38,D3,Humidity,55.426
2024-01-01 10:06:34,D3,Temp,22.627
2024-01-01 10:06:45,D2,Temp,25.098
2024-01-01 10:06:52,D3,Temp,23.464
2024-01-01 10:06:51,D1,Temp,23.617
2024-01-01 10:06:49,D3,Temp,22.979
2024-01-01 10:06:48,D1,Temp,24.019
2024-01-01 10:06:48,D2,Temp,24.882
2024-01-01 10:06:46,D1,Humidity,56.72
2024-01-01 10:06:49,D1,Humidity,53.125
2024-01-01 10:06:51,D2,Temp,24.365
2024-01-01 10:06:44,D2,Humidity,54.577
2024-01-01 10:06:40,D1,Humidity,55.989
2024-01-01 10:06:42,D1,Temp,23.774
2024-01-01 10:06:45,D1,Temp,23.661
2024-01-01 10:06:47,D2,Humidity,55.212
2024-01-01 10:06:43,D1,Humidity,54.735
2024-01-01 10:06:46,D3,Temp,23.233
2024-01-01 10:06:50,D3,Humidity,52.902
2024-01-01 10:06:41,D3,Humidity,51.699
2024-01-01 10:06:47,D3,Humidity,53.618
2024-01-01 10:06:41,D2,Humidity,52.215
2024-01-01 10:06:44,D3,Humidity,53.518
2024-01-01 10:06:50,D2,Humidity,56.446
2024-01-01 10:06:42,D2,Temp,25.015
2024-01-01 10:06:43,D3,Temp,22.643
2024-01-01 10:06:40,D3,Temp,22.931
2024-01-01 10:07:02,D3,Humidity,52.098
2024-01-01 10:07:03,D2,Temp,25.239
2024-01-01 10:06:53,D3,Humidity,54.327
2024-01-01 10:06:58,D1,Humidity,54.426
2024-01-01 10:07:00,D2,Temp,25.522
2024-01-01 10:06:58,D3,Temp,22.87
2024-01-01 10:06:59,D2,Humidity,52.892
2024-01-01 10:06:52,D1,Humidity,54.831
2024-01-01 10:07:00,D1,Temp,23.675
2024-01-01 10:06:57,D1,Temp,23.929
2024-01-01 10:06:55,D1,Humidity,54.081
2024-01-01 10:07:02,D2,Humidity,57.425
2024-01-01 10:06:55,D3,Temp,23.303
2024-01-01 10:06:57,D2,Temp,24.595
2024-01-01 10:07:01,D3,Temp,22.54
2024-01-01 10:06:54,D1,Temp,23.319
2024-01-01 10:06:54,D2,Temp,24.567
2024-01-01 10:06:53,D2,Humidity,57.379
2024-01-01 10:07:01,D1,Humidity,53.104
2024-01-01 10:07:03,D1,Temp,23.746
2024-01-01 10:06:56,D2,Humidity,54.692
2024-01-01 10:07:04,D1,Humidity,53.013
2024-01-01 10:07:04,D3,Temp,22.868
2024-01-01 10:06:59,D3,Humidity,54.603
2024-01-01 10:06:56,D3,Humidity,53.785
2024-01-01 10:07:12,D1,Temp,24.684
2024-01-01 10:07:11,D3,Humidity,51.564
2024-01-01 10:07:16,D3,Temp,23.078
2024-01-01 10:07:07,D1,Humidity,53.025
2024-01-01 10:07:08,D2,Humidity,55.974
2024-01-01 10:07:09,D1,Temp,24.462
2024-01-01 10:07:05,D2,Humidity,56.226
2024-01-01 10:07:10,D3,Temp,23.302
2024-01-01 10:07:15,D2,Temp,24.714
2024-01-01 10:07:06,D2,Temp,25.235
2024-01-01 10:07:10,D1,Humidity,54.067
2024-01-01 10:07:15,D1,Temp,23.351
2024-01-01 10:07:16,D1,Humidity,55.427
2024-01-01 10:07:14,D3,Humidity,55.17
2024-01-01 10:07:17,D2,Humidity,57.149
2024-01-01 10:07:07,D3,Temp,24.214
2024-01-01 10:07:13,D1,Humidity,56.12
2024-01-01 10:07:13,D3,Temp,22.896
2024-01-01 10:07:05,D3,Humidity,53.767
2024-01-01 10:07:11,D2,Humidity,55.106
2024-01-01 10:07:06,D1,Temp,24.514
2024-01-01 10:07:09,D2,Temp,25.329
2024-01-01 10:07:12,D2,Temp,25.203
2024-01-01 10:07:08,D3,Humidity,52.72
2024-01-01 10:07:14,D2,Humidity,56.901
2024-01-01 10:07:20,D2,Humidity,55.977
2024-01-01 10:07:24,D1,Temp,23.699
2024-01-01 10:07:27,D2,Temp,25.374
2024-01-01 10:07:19,D1,Humidity,56.045
2024-01-01 10:07:18,D1,Temp,24.051
2024-01-01 10:07:19,D3,Temp,23.277
2024-01-01 10:07:26,D3,Humidity,56.318
2024-01-01 10:07:20,D3,Humidity,54.921
2024-01-01 10:07:24,D2,Temp,25.439
2024-01-01 10:07:25,D1,Humidity,54.034
2024-01-01 10:07:22,D3,Temp,23.49
2024-01-01 10:07:23,D2,Humidity,56.708
2024-01-01 10:07:17,D3,Humidity,52.79
2024-01-01 10:07:21,D1,Temp,24.722
2024-01-01 10:07:25,D3,Temp,22.73
2024-01-01 10:07:29,D2,Humidity,54.588
2024-01-01 10:07:28,D1,Humidity,55.093
2024-01-01 10:07:29,D3,Humidity,53.315
2024-01-01 10:07:26,D2,Humidity,55.999
2024-01-01 10:07:23,D3,Humidity,55.085
2024-01-01 10:07:28,D3,Temp,22.707
2024-01-01 10:07:18,D2,Temp,25.882
2024-01-01 10:07:22,D1,Humidity,53.95
2024-01-01 10:07:21,D2,Temp,25.043
2024-01-01 10:07:27,D1,Temp,24.124
2024-01-01 10:07:32,D3,Humidity,55.532
2024-01-01 10:07:38,D2,Humidity,54.908
2024-01-01 10:07:30,D2,Temp,24.985
2024-01-01 10:07:39,D2,Temp,24.426
2024-01-01 10:07:41,D2,Humidity,54.203
2024-01-01 10:07:40,D3,Temp,22.588
2024-01-01 10:07:41,D3,Humidity,52.128
2024-01-01 10:07:35,D2,Humidity,53.402
2024-01-01 10:07:33,D1,Temp,23.741
2024-01-01 10:07:32,D2,Humidity,55.762
2024-01-01 10:07:31,D3,Temp,23.581
2024-01-01 10:07:30,D1,Temp,24.334
2024-01-01 10:07:33,D2,Temp,24.392
2024-01-01 10:07:37,D3,Temp,22.708
2024-01-01 10:07:40,D1,Humidity,53.072
2024-01-01 10:07:37,D1,Humidity,54.303
2024-01-01 10:07:36,D1,Temp,23.838
2024-01-01 10:07:34,D3,Temp,23.521
2024-01-01 10:07:36,D2,Temp,25.698
2024-01-01 10:07:35,D3,Humidity,54.053
2024-01-01 10:07:38,D3,Humidity,52.735
2024-01-01 10:07:34,D1,Humidity,55.497
2024-01-01 10:07:42,D1,Temp,23.792
2024-01-01 10:07:39,D1,Temp,23.72
2024-01-01 10:07:31,D1,Humidity,54.757
2024-01-01 10:07:51,D2,Temp,24.379
2024-01-01 10:07:49,D1,Humidity,54.191
2024-01-01 10:07:53,D2,Humidity,56.643
2024-01-01 10:07:45,D2,Temp,25.637
2024-01-01 10:07:52,D1,Humidity,55.504
2024-01-01 10:07:45,D1,Temp,23.814
2024-01-01 10:07:48,D2,Temp,24.83
2024-01-01 10:07:43,D1,Humidity,55.574
2024-01-01 10:07:44,D2,Humidity,55.942
2024-01-01 10:07:54,D2,Temp,24.834
2024-01-01 10:07:51,D1,Temp,24.23
2024-01-01 10:07:52,D3,Temp,22.895
2024-01-01 10:07:54,D1,Temp,24.776
2024-01-01 10:07:49,D3,Temp,23.149
2024-01-01 10:07:44,D3,Humidity,53.482
2024-01-01 10:07:50,D3,Humidity,52.773
2024-01-01 10:07:47,D2,Humidity,52.897
2024-01-01 10:07:47,D3,Humidity,53.216
2024-01-01 10:07:42,D2,Temp,24.727
2024-01-01 10:07:48,D1,Temp,23.132
2024-01-01 10:07:46,D1,Humidity,55.57
2024-01-01 10:07:50,D2,Humidity,56.622
2024-01-01 10:07:43,D3,Temp,22.509
2024-01-01 10:07:46,D3,Temp,23.096
2024-01-01 10:07:53,D3,Humidity,53.847
2024-01-01 10:07:58,D1,Humidity,55.13
2024-01-01 10:08:03,D2,Temp,25.13
2024-01-01 10:07:56,D3,Humidity,53.557
2024-01-01 10:08:06,D2,Temp,24.216
2024-01-01 10:07:57,D2,Temp,25.528
2024-01-01 10:07:59,D3,Humidity,54.503
2024-01-01 10:08:00,D1,Temp,23.751
2024-01-01 10:08:07,D3,Temp,22.868
2024-01-01 10:08:01,D3,Temp,23.417
2024-01-01 10:07:57,D1,Temp,23.53
2024-01-01 10:07:55,D1,Humidity,51.689
2024-01-01 10:08:06,D1,Temp,24.392
2024-01-01 10:07:59,D2,Humidity,54.278
2024-01-01 10:07:55,D3,Temp,22.82
2024-01-01 10:08:04,D3,Temp,22.177
2024-01-01 10:08:00,D2,Temp,24.532
2024-01-01 10:08:03,D1,Temp,24.82
2024-01-01 10:08:02,D3,Humidity,54.551
2024-01-01 10:08:01,D1,Humidity,52.441
2024-01-01 10:08:05,D3,Humidity,54.427
2024-01-01 10:08:02,D2,Humidity,56.681
2024-01-01 10:07:58,D3,Temp,23.494
2024-01-01 10:07:56,D2,Humidity,58.123
2024-01-01 10:08:05,D2,Humidity,56.078
2024-01-01 10:08:04,D1,Humidity,53.997
2024-01-01 10:08:15,D1,Temp,23.843
2024-01-01 10:08:12,D1,Temp,23.684
2024-01-01 10:08:13,D1,Humidity,54.584
2024-01-01 10:08:10,D3,Temp,23.685
2024-01-01 10:08:09,D2,Temp,25.439
2024-01-01 10:08:17,D3,Humidity,53.907
2024-01-01 10:08:08,D3,Humidity,48.975
2024-01-01 10:08:09,D1,Temp,23.844
2024-01-01 10:08:07,D1,Humidity,56.164
2024-01-01 10:08:17,D2,Humidity,56.295
2024-01-01 10:08:12,D2,Temp,24.421
2024-01-01 10:08:16,D3,Temp,22.591
2024-01-01 10:08:15,D2,Temp,25.093
2024-01-01 10:08:18,D2,Temp,25.315
2024-01-01 10:08:14,D2,Humidity,55.966
2024-01-01 10:08:16,D1,Humidity,55.082
2024-01-01 10:08:11,D3,Humidity,54.993
2024-01-01 10:08:19,D1,Humidity,54.279
2024-01-01 10:08:13,D3,Temp,23.393
2024-01-01 10:08:18,D1,Temp,23.703
2024-01-01 10:08:14,D3,Humidity,53.306
2024-01-01 10:08:19,D3,Temp,23.749
2024-01-01 10:08:11,D2,Humidity,56.868
2024-01-01 10:08:08,D2,Humidity,57.853
2024-01-01 10:08:10,D1,Humidity,56.438
2024-01-01 10:08:20,D3,Humidity,55.067
2024-01-01 10:08:23,D2,Humidity,56.226
2024-01-01 10:08:26,D3,Humidity,53.857
2024-01-01 10:08:27,D1,Temp,24.068
2024-01-01 10:08:23,D3,Humidity,54.569
2024-01-01 10:08:29,D3,Humidity,54.854
2024-01-01 10:08:30,D1,Temp,24.074
2024-01-01 10:08:22,D3,Temp,22.746
2024-01-01 10:08:27,D2,Temp,24.709
2024-01-01 10:08:25,D3,Temp,22.701
2024-01-01 10:08:30,D2,Temp,25.269
2024-01-01 10:08:21,D2,Temp,24.696
2024-01-01 10:08:31,D1,Humidity,54.218
2024-01-01 10:08:32,D2,Humidity,57.547
2024-01-01 10:08:28,D3,Temp,23.363
2024-01-01 10:08:26,D2,Humidity,55.796
2024-01-01 10:08:20,D2,Humidity,57.481
2024-01-01 10:08:24,D2,Temp,24.64
2024-01-01 10:08:21,D1,Temp,22.939
2024-01-01 10:08:24,D1,Temp,24.255
2024-01-01 10:08:22,D1,Humidity,55.938
2024-01-01 10:08:31,D3,Temp,23.244
2024-01-01 10:08:25,D1,Humidity,53.533
2024-01-01 10:08:28,D1,Humidity,56.101
2024-01-01 10:08:29,D2,Humidity,57.856
2024-01-01 10:08:33,D1,Temp,24.791
2024-01-01 10:08:43,D1,Humidity,55.899
2024-01-01 10:08:33,D2,Temp,25.014
2024-01-01 10:08:40,D1,Humidity,53.536
2024-01-01 10:08:39,D1,Temp,24.06
2024-01-01 10:08:44,D3,Humidity,53.88
2024-01-01 10:08:38,D3,Humidity,55.058
2024-01-01 10:08:37,D1,Humidity,55.198
2024-01-01 10:08:38,D2,Humidity,56.08
2024-01-01 10:08:34,D3,Temp,23.13
2024-01-01 10:08:44,D2,Humidity,56.337
2024-01-01 10:08:41,D3,Humidity,52.636
2024-01-01 10:08:43,D3,Temp,23.367
2024-01-01 10:08:39,D2,Temp,25.117
2024-01-01 10:08:35,D3,Humidity,54.743
2024-01-01 10:08:41,D2,Humidity,55.963
2024-01-01 10:08:37,D3,Temp,23.704
2024-01-01 10:08:36,D2,Temp,24.922
2024-01-01 10:08:36,D1,Temp,23.952
2024-01-01 10:08:32,D3,Humidity,56.062
2024-01-01 10:08:42,D1,Temp,24.084
2024-01-01 10:08:35,D2,Humidity,55.997
2024-01-01 10:08:42,D2,Temp,24.527
2024-01-01 10:08:34,D1,Humidity,55.5
2024-01-01 10:08:40,D3,Temp,22.975
2024-01-01 10:08:46,D3,Temp,22.561
2024-01-01 10:08:56,D3,Humidity,53.663
2024-01-01 10:08:57,D1,Temp,23.766
2024-01-01 10:08:56,D2,Humidity,55.568
2024-01-01 10:08:48,D2,Temp,25.053
2024-01-01 10:08:48,D1,Temp,23.598
2024-01-01 10:08:52,D3,Temp,23.294
2024-01-01 10:08:49,D3,Temp,22.819
2024-01-01 10:08:55,D3,Temp,22.568
2024-01-01 10:08:51,D1,Temp,24.479
2024-01-01 10:08:51,D2,Temp,25.266
2024-01-01 10:08:50,D2,Humidity,56.395
2024-01-01 10:08:47,D2,Humidity,56.414
2024-01-01 10:08:47,D3,Humidity,53.905
2024-01-01 10:08:45,D2,Temp,24.214
2024-01-01 10:08:52,D1,Humidity,55.386
2024-01-01 10:08:46,D1,Humidity,54.822
2024-01-01 10:08:54,D1,Temp,23.412
2024-01-01 10:08:49,D1,Humidity,53.718
2024-01-01 10:08:54,D2,Temp,26.152
2024-01-01 10:08:53,D3,Humidity,52.877
2024-01-01 10:08:50,D3,Humidity,53.748
2024-01-01 10:08:55,D1,Humidity,54.748
2024-01-01 10:08:53,D2,Humidity,54.986
2024-01-01 10:08:45,D1,Temp,24.167
2024-01-01 10:09:07,D3,Temp,23.538
2024-01-01 10:08:58,D3,Temp,22.601
2024-01-01 10:09:04,D1,Humidity,55.491
2024-01-01 10:08:58,D1,Humidity,53.331
2024-01-01 10:09:01,D3,Temp,22.767
2024-01-01 10:09:08,D3,Humidity,52.584
2024-01-01 10:09:06,D1,Temp,24.087
2024-01-01 10:09:09,D1,Temp,23.56
2024-01-01 10:09:00,D1,Temp,23.725
2024-01-01 10:08:59,D2,Humidity,55.848
2024-01-01 10:09:05,D3,Humidity,53.792
2024-01-01 10:09:06,D2,Temp,24.846
2024-01-01 10:09:07,D1,Humidity,56.121
2024-01-01 10:09:03,D1,Temp,23.47
2024-01-01 10:09:00,D2,Temp,25.086
2024-01-01 10:09:03,D2,Temp,25.263
2024-01-01 10:09:04,D3,Temp,22.838
2024-01-01 10:09:01,D1,Humidity,56.119
2024-01-01 10:09:02,D2,Humidity,55.537
2024-01-01 10:09:05,D2,Humidity,56.396
2024-01-01 10:08:57,D2,Temp,24.253
2024-01-01 10:08:59,D3,Humidity,53.179
2024-01-01 10:09:09,D2,Temp,24.734
2024-01-01 10:09:02,D3,Humidity,54.27
2024-01-01 10:09:08,D2,Humidity,56.579
2024-01-01 10:09:10,D3,Temp,22.902
2024-01-01 10:09:15,D2,Temp,24.87
2024-01-01 10:09:13,D3,Temp,22.81
2024-01-01 10:09:13,D1,Humidity,51.898
2024-01-01 10:09:20,D2,Humidity,57.83
2024-01-01 10:09:11,D2,Humidity,54.924
2024-01-01 10:09:18,D1,Temp,23.543
2024-01-01 10:09:21,D1,Temp,24.23
2024-01-01 10:09:16,D3,Temp,22.842
2024-01-01 10:09:16,D1,Humidity,54.288
2024-01-01 10:09:19,D1,Humidity,54.022
2024-01-01 10:09:10,D1,Humidity,55.538
2024-01-01 10:09:17,D2,Humidity,57.803
2024-01-01 10:09:19,D3,Temp,22.351
2024-01-01 10:09:15,D1,Temp,23.756
2024-01-01 10:09:21,D2,Temp,24.499
2024-01-01 10:09:14,D2,Humidity,55.098
2024-01-01 10:09:12,D1,Temp,24.001
2024-01-01 10:09:17,D3,Humidity,55.458
2024-01-01 10:09:11,D3,Humidity,55.412
2024-01-01 10:09:14,D3,Humidity,53.341
2024-01-01 10:09:22,D3,Temp,22.942
2024-01-01 10:09:18,D2,Temp,25.502
2024-01-01 10:09:20,D3,Humidity,51.313
2024-01-01 10:09:12,D2,Temp,24.195
2024-01-01 10:09:26,D2,Humidity,55.929
2024-01-01 10:09:31,D3,Temp,22.68
2024-01-01 10:09:34,D3,Temp,23.113
2024-01-01 10:09:27,D1,Temp,24.354
2024-01-01 10:09:25,D3,Temp,22.899
2024-01-01 10:09:29,D2,Humidity,55.799
2024-01-01 10:09:28,D1,Humidity,55.388
2024-01-01 10:09:22,D1,Humidity,54.784
2024-01-01 10:09:28,D3,Temp,22.82
2024-01-01 10:09:24,D2,Temp,25.251
2024-01-01 10:09:34,D1,Humidity,55.201
2024-01-01 10:09:30,D2,Temp,24.722
2024-01-01 10:09:27,D2,Temp,24.623
2024-01-01 10:09:33,D1,Temp,24.087
2024-01-01 10:09:26,D3,Humidity,54.112
2024-01-01 10:09:25,D1,Humidity,54.014
2024-01-01 10:09:33,D2,Temp,24.489
2024-01-01 10:09:23,D3,Humidity,53.027
2024-01-01 10:09:32,D2,Humidity,54.686
2024-01-01 10:09:31,D1,Humidity,55.529
2024-01-01 10:09:32,D3,Humidity,55.398
2024-01-01 10:09:23,D2,Humidity,58.037
2024-01-01 10:09:30,D1,Temp,23.993
2024-01-01 10:09:24,D1,Temp,23.972
2024-01-01 10:09:29,D3,Humidity,53.778
2024-01-01 10:09:43,D3,Temp,22.572
2024-01-01 10:09:46,D1,Humidity,56.07
2024-01-01 10:09:40,D1,Humidity,55.417
2024-01-01 10:09:38,D2,Humidity,55.104
2024-01-01 10:09:35,D3,Humidity,55.391
2024-01-01 10:09:41,D2,Humidity,55.398
2024-01-01 10:09:39,D2,Temp,24.803
2024-01-01 10:09:39,D1,Temp,24.006
2024-01-01 10:09:44,D3,Humidity,54.049
2024-01-01 10:09:36,D2,Temp,24.717
2024-01-01 10:09:46,D3,Temp,22.988
2024-01-01 10:09:38,D3,Humidity,54.341
2024-01-01 10:09:41,D3,Humidity,52.752
2024-01-01 10:09:35,D2,Humidity,56.915
2024-01-01 10:09:47,D2,Humidity,57.987
2024-01-01 10:09:43,D1,Humidity,55.993
2024-01-01 10:09:45,D1,Temp,24.052
2024-01-01 10:09:45,D2,Temp,25.211
2024-01-01 10:09:42,D2,Temp,24.894
2024-01-01 10:09:36,D1,Temp,23.853
2024-01-01 10:09:37,D1,Humidity,53.823
2024-01-01 10:09:40,D3,Temp,22.705
2024-01-01 10:09:37,D3,Temp,22.758
2024-01-01 10:09:42,D1,Temp,23.939
2024-01-01 10:09:44,D2,Humidity,57.015
2024-01-01 10:09:56,D3,Humidity,54.163
2024-01-01 10:09:51,D1,Temp,24.716
2024-01-01 10:09:55,D1,Humidity,53.792
2024-01-01 10:09:49,D1,Humidity,53.646
2024-01-01 10:09:48,D2,Temp,25.349
2024-01-01 10:09:59,D2,Humidity,56.451
2024-01-01 10:09:57,D1,Temp,23.674
2024-01-01 10:09:52,D1,Humidity,55.061
2024-01-01 10:09:52,D3,Temp,23.075
2024-01-01 10:09:58,D1,Humidity,53.468
2024-01-01 10:09:49,D3,Temp,22.865
2024-01-01 10:09:51,D2,Temp,25.348
2024-01-01 10:09:58,D3,Temp,22.443
2024-01-01 10:09:50,D2,Humidity,57.087
2024-01-01 10:09:54,D2,Temp,24.761
2024-01-01 10:09:57,D2,Temp,25.641
2024-01-01 10:09:53,D2,Humidity,58.102
2024-01-01 10:09:50,D3,Humidity,52.117
2024-01-01 10:09:56,D2,Humidity,56.185
2024-01-01 10:09:48,D1,Temp,24.176
2024-01-01 10:09:47,D3,Humidity,54.097
2024-01-01 10:09:59,D3,Humidity,53.751
2024-01-01 10:09:55,D3,Temp,22.895
2024-01-01 10:09:54,D1,Temp,23.536
2024-01-01 10:09:53,D3,Humidity,52.865
2024-01-01 10:10:03,D2,Temp,25.305
2024-01-01 10:10:00,D1,Temp,24.167
2024-01-01 10:10:12,D1,Temp,24.067
2024-01-01 10:10:02,D2,Humidity,55.18
2024-01-01 10:10:11,D2,Humidity,55.581
2024-01-01 10:10:07,D1,Humidity,52.804
2024-01-01 10:10:01,D1,Humidity,54.225
2024-01-01 10:10:05,D2,Humidity,57.081
2024-01-01 10:10:09,D2,Temp,25.211
2024-01-01 10:10:03,D1,Temp,23.808
2024-01-01 10:10:10,D3,Temp,22.459
2024-01-01 10:10:06,D2,Temp,24.793
2024-01-01 10:10:11,D3,Humidity,53.379
2024-01-01 10:10:04,D3,Temp,23.235
2024-01-01 10:10:05,D3,Humidity,54.941
2024-01-01 10:10:07,D3,Temp,22.895
2024-01-01 10:10:08,D3,Humidity,53.191
2024-01-01 10:10:10,D1,Humidity,53.783
2024-01-01 10:10:00,D2,Temp,24.752
2024-01-01 10:10:01,D3,Temp,22.587
2024-01-01 10:10:02,D3,Humidity,54.63
2024-01-01 10:10:04,D1,Humidity,56.249
2024-01-01 10:10:09,D1,Temp,31.834
2024-01-01 10:10:08,D2,Humidity,56.35
2024-01-01 10:10:06,D1,Temp,24.308
2024-01-01 10:10:13,D3,Temp,23.019
2024-01-01 10:10:13,D1,Humidity,52.974
2024-01-01 10:10:22,D3,Temp,23.707
2024-01-01 10:10:19,D3,Temp,22.896
2024-01-01 10:10:21,D1,Temp,23.837
2024-01-01 10:10:24,D1,Temp,24.34
2024-01-01 10:10:17,D2,Humidity,55.521
2024-01-01 10:10:19,D1,Humidity,55.909
2024-01-01 10:10:16,D1,Humidity,53.309
2024-01-01 10:10:23,D3,Humidity,55.112
2024-01-01 10:10:23,D2,Humidity,58.125
2024-01-01 10:10:22,D1,Humidity,55.793
2024-01-01 10:10:18,D2,Temp,25.18
2024-01-01 10:10:17,D3,Humidity,53.508
2024-01-01 10:10:20,D2,Humidity,57.34
2024-01-01 10:10:18,D1,Temp,24.393
2024-01-01 10:10:14,D2,Humidity,53.414
2024-01-01 10:10:15,D1,Temp,23.478
2024-01-01 10:10:20,D3,Humidity,54.494
2024-01-01 10:10:21,D2,Temp,25.407
2024-01-01 10:10:12,D2,Temp,24.538
2024-01-01 10:10:15,D2,Temp,24.776
2024-01-01 10:10:14,D3,Humidity,54.86
2024-01-01 10:10:24,D2,Temp,24.564
2024-01-01 10:10:16,D3,Temp,22.433
2024-01-01 10:10:28,D1,Humidity,53.378
2024-01-01 10:10:37,D3,Temp,22.916
2024-01-01 10:10:30,D2,Temp,25.116
2024-01-01 10:10:27,D2,Temp,24.734
2024-01-01 10:10:29,D3,Humidity,55.228
2024-01-01 10:10:34,D3,Temp,23.006
2024-01-01 10:10:35,D3,Humidity,54.542
2024-01-01 10:10:26,D2,Humidity,53.997
2024-01-01 10:10:36,D2,Temp,25.325
2024-01-01 10:10:34,D1,Humidity,56.288
2024-01-01 10:10:36,D1,Temp,24.21
2024-01-01 10:10:25,D1,Humidity,54.941
2024-01-01 10:10:30,D1,Temp,24.083
2024-01-01 10:10:33,D1,Temp,23.754
2024-01-01 10:10:35,D2,Humidity,54.645
2024-01-01 10:10:25,D3,Temp,31.032
2024-01-01 10:10:28,D3,Temp,23.213
2024-01-01 10:10:27,D1,Temp,24.347
2024-01-01 10:10:32,D3,Humidity,55.581
2024-01-01 10:10:29,D2,Humidity,55.408
2024-01-01 10:10:33,D2,Temp,24.993
2024-01-01 10:10:26,D3,Humidity,53.288
2024-01-01 10:10:31,D3,Temp,23.682
2024-01-01 10:10:32,D2,Humidity,54.948
2024-01-01 10:10:31,D1,Humidity,56.556
2024-01-01 10:10:49,D3,Temp,22.494
2024-01-01 10:10:46,D3,Temp,23.607
2024-01-01 10:10:42,D1,Temp,23.904
2024-01-01 10:10:44,D3,Humidity,55.374
2024-01-01 10:10:46,D1,Humidity,54.625
2024-01-01 10:10:43,D1,Humidity,53.646
2024-01-01 10:10:38,D2,Humidity,55.146
2024-01-01 10:10:40,D3,Temp,23.163
2024-01-01 10:10:42,D2,Temp,24.423
2024-01-01 10:10:49,D1,Humidity,56.487
2024-01-01 10:10:41,D2,Humidity,47.354
2024-01-01 10:10:48,D1,Temp,24.319
2024-01-01 10:10:37,D1,Humidity,56.204
2024-01-01 10:10:38,D3,Humidity,55.376
2024-01-01 10:10:39,D2,Temp,24.44
2024-01-01 10:10:44,D2,Humidity,55.206
2024-01-01 10:10:43,D3,Temp,23.676
2024-01-01 10:10:47,D3,Humidity,55.013
2024-01-01 10:10:45,D2,Temp,25.288
2024-01-01 10:10:41,D3,Humidity,53.116
2024-01-01 10:10:48,D2,Temp,24.869
2024-01-01 10:10:47,D2,Humidity,54.744
2024-01-01 10:10:40,D1,Humidity,55.215
2024-01-01 10:10:45,D1,Temp,24.234
2024-01-01 10:10:39,D1,Temp,24.141
2024-01-01 10:10:56,D2,Humidity,57.311
2024-01-01 10:10:55,D1,Humidity,55.754
2024-01-01 10:10:53,D2,Humidity,55.235
2024-01-01 10:11:01,D3,Temp,23.352
2024-01-01 10:10:55,D3,Temp,23.118
2024-01-01 10:10:58,D1,Humidity,56.079
2024-01-01 10:11:00,D1,Temp,24.423
2024-01-01 10:10:57,D2,Temp,25.215
2024-01-01 10:10:52,D1,Humidity,53.652
2024-01-01 10:11:02,D2,Humidity,56.065
2024-01-01 10:10:56,D3,Humidity,53.553
2024-01-01 10:11:00,D2,Temp,24.286
2024-01-01 10:10:50,D3,Humidity,52.352
2024-01-01 10:10:50,D2,Humidity,56.691
2024-01-01 10:10:59,D2,Humidity,57.658
2024-01-01 10:10:59,D3,Humidity,55.223
2024-01-01 10:10:54,D2,Temp,25.29
2024-01-01 10:10:57,D1,Temp,24.032
2024-01-01 10:10:53,D3,Humidity,53.0
2024-01-01 10:10:54,D1,Temp,23.755
2024-01-01 10:10:51,D2,Temp,24.424
2024-01-01 10:11:01,D1,Humidity,55.256
2024-01-01 10:10:58,D3,Temp,23.683
2024-01-01 10:10:51,D1,Temp,24.312
2024-01-01 10:10:52,D3,Temp,22.807
2024-01-01 10:11:10,D3,Temp,22.664
2024-01-01 10:11:02,D3,Humidity,53.367
2024-01-01 10:11:08,D3,Humidity,54.338
2024-01-01 10:11:11,D2,Humidity,56.486
2024-01-01 10:11:11,D3,Humidity,52.74
2024-01-01 10:11:04,D3,Temp,23.336
2024-01-01 10:11:07,D3,Temp,22.869
2024-01-01 10:11:14,D3,Humidity,54.233
2024-01-01 10:11:06,D1,Temp,23.62
2024-01-01 10:11:13,D1,Humidity,53.871
2024-01-01 10:11:05,D3,Humidity,53.327
2024-01-01 10:11:03,D1,Temp,23.83
2024-01-01 10:11:10,D1,Humidity,54.781
2024-01-01 10:11:14,D2,Humidity,55.052
2024-01-01 10:11:09,D1,Temp,23.996
2024-01-01 10:11:12,D1,Temp,24.195
2024-01-01 10:11:03,D2,Temp,25.166
2024-01-01 10:11:06,D2,Temp,25.157
2024-01-01 10:11:09,D2,Temp,24.563
2024-01-01 10:11:08,D2,Humidity,55.077
2024-01-01 10:11:07,D1,Humidity,54.209
2024-01-01 10:11:05,D2,Humidity,56.262
2024-01-01 10:11:12,D2,Temp,24.67
2024-01-01 10:11:13,D3,Temp,24.091
2024-01-01 10:11:04,D1,Humidity,53.203
2024-01-01 10:11:25,D1,Humidity,56.294
2024-01-01 10:11:19,D3,Temp,23.358
2024-01-01 10:11:20,D3,Humidity,55.394
2024-01-01 10:11:26,D3,Humidity,54.226
2024-01-01 10:11:24,D1,Temp,23.106
2024-01-01 10:11:20,D2,Humidity,57.855
2024-01-01 10:11:24,D2,Temp,25.37
2024-01-01 10:11:18,D2,Temp,25.573
2024-01-01 10:11:16,D3,Temp,23.721
2024-01-01 10:11:15,D1,Temp,23.639
2024-01-01 10:11:23,D2,Humidity,56.561
2024-01-01 10:11:23,D3,Humidity,53.62
2024-01-01 10:11:21,D1,Temp,24.195
2024-01-01 10:11:18,D1,Temp,24.0
2024-01-01 10:11:19,D1,Humidity,53.915
2024-01-01 10:11:25,D3,Temp,23.077
2024-01-01 10:11:22,D3,Temp,23.026
2024-01-01 10:11:22,D1,Humidity,54.045
2024-01-01 10:11:21,D2,Temp,24.736
2024-01-01 10:11:27,D1,Temp,24.446
2024-01-01 10:11:17,D3,Humidity,53.379
2024-01-01 10:11:15,D2,Temp,25.331
2024-01-01 10:11:26,D2,Humidity,55.837
2024-01-01 10:11:17,D2,Humidity,56.207
2024-01-01 10:11:16,D1,Humidity,54.535
2024-01-01 10:11:28,D3,Temp,23.115
2024-01-01 10:11:34,D3,Temp,23.402
2024-01-01 10:11:33,D2,Temp,24.459
2024-01-01 10:11:38,D2,Humidity,55.79
2024-01-01 10:11:32,D2,Humidity,56.64
2024-01-01 10:11:29,D3,Humidity,54.203
2024-01-01 10:11:39,D2,Temp,25.212
2024-01-01 10:11:28,D1,Humidity,58.857
2024-01-01 10:11:34,D1,Humidity,56.437
2024-01-01 10:11:30,D1,Temp,24.694
2024-01-01 10:11:36,D1,Temp,24.27
2024-01-01 10:11:35,D2,Humidity,55.883
2024-01-01 10:11:33,D1,Temp,24.297
2024-01-01 10:11:39,D1,Temp,24.253
2024-01-01 10:11:30,D2,Temp,24.678
2024-01-01 10:11:29,D2,Humidity,55.797
2024-01-01 10:11:38,D3,Humidity,52.545
2024-01-01 10:11:31,D3,Temp,22.584
2024-01-01 10:11:37,D3,Temp,23.257
2024-01-01 10:11:36,D2,Temp,25.147
2024-01-01 10:11:35,D3,Humidity,54.039
2024-01-01 10:11:27,D2,Temp,25.155
2024-01-01 10:11:32,D3,Humidity,54.751
2024-01-01 10:11:37,D1,Humidity,53.697
2024-01-01 10:11:31,D1,Humidity,53.282
2024-01-01 10:11:50,D2,Humidity,54.591
2024-01-01 10:11:40,D1,Humidity,55.356
2024-01-01 10:11:45,D2,Temp,25.222
2024-01-01 10:11:42,D1,Temp,23.813
2024-01-01 10:11:50,D3,Humidity,53.767
2024-01-01 10:11:48,D2,Temp,24.855
2024-01-01 10:11:47,D2,Humidity,56.074
2024-01-01 10:11:46,D3,Temp,22.501
2024-01-01 10:11:44,D3,Humidity,54.149
2024-01-01 10:11:43,D3,Temp,23.446
2024-01-01 10:11:52,D3,Temp,22.652
2024-01-01 10:11:46,D1,Humidity,55.713
2024-01-01 10:11:41,D3,Humidity,55.03
2024-01-01 10:11:49,D1,Humidity,54.929
2024-01-01 10:11:40,D3,Temp,22.96
2024-01-01 10:11:44,D2,Humidity,57.437
2024-01-01 10:11:49,D3,Temp,23.148
2024-01-01 10:11:43,D1,Humidity,54.092
2024-01-01 10:11:45,D1,Temp,24.011
2024-01-01 10:11:51,D1,Temp,24.507
2024-01-01 10:11:41,D2,Humidity,54.132
2024-01-01 10:11:42,D2,Temp,25.052
2024-01-01 10:11:51,D2,Temp,24.963
2024-01-01 10:11:47,D3,Humidity,55.244
2024-01-01 10:11:48,D1,Temp,23.913
2024-01-01 10:12:00,D2,Temp,25.62
2024-01-01 10:12:01,D3,Temp,22.398
2024-01-01 10:11:58,D3,Temp,22.94
2024-01-01 10:11:53,D3,Humidity,51.456
2024-01-01 10:11:56,D2,Humidity,55.819
2024-01-01 10:11:55,D1,Humidity,53.929
2024-01-01 10:11:55,D3,Temp,23.088
2024-01-01 10:12:01,D1,Humidity,55.408
2024-01-01 10:11:54,D2,Temp,25.072
2024-01-01 10:12:04,D3,Temp,22.678
2024-01-01 10:11:57,D1,Temp,24.088
2024-01-01 10:12:03,D1,Temp,24.638
2024-01-01 10:12:02,D2,Humidity,54.517
2024-01-01 10:12:04,D1,Humidity,55.263
2024-01-01 10:11:56,D3,Humidity,52.322
2024-01-01 10:11:53,D2,Humidity,53.776
2024-01-01 10:11:59,D2,Humidity,53.892
2024-01-01 10:11:58,D1,Humidity,55.314
2024-01-01 10:12:03,D2,Temp,25.267
2024-01-01 10:11:52,D1,Humidity,55.859
2024-01-01 10:12:02,D3,Humidity,52.386
2024-01-01 10:12:00,D1,Temp,24.315
2024-01-01 10:11:54,D1,Temp,23.998
2024-01-01 10:11:57,D2,Temp,24.354
2024-01-01 10:11:59,D3,Humidity,53.373
2024-01-01 10:12:13,D3,Temp,23.507
2024-01-01 10:12:09,D1,Temp,24.005
2024-01-01 10:12:15,D2,Temp,24.923
2024-01-01 10:12:11,D3,Humidity,53.195
2024-01-01 10:12:06,D1,Temp,24.899
2024-01-01 10:12:08,D2,Humidity,55.116
2024-01-01 10:12:17,D2,Humidity,53.859
2024-01-01 10:12:07,D3,Temp,21.803
2024-01-01 10:12:09,D2,Temp,24.74
2024-01-01 10:12:07,D1,Humidity,54.652
2024-01-01 10:12:05,D2,Humidity,56.77
2024-01-01 10:12:14,D2,Humidity,56.936
2024-01-01 10:12:16,D3,Temp,22.091
2024-01-01 10:12:11,D2,Humidity,56.717
2024-01-01 10:12:05,D3,Humidity,54.218
2024-01-01 10:12:06,D2,Temp,25.242
2024-01-01 10:12:16,D1,Humidity,55.042
2024-01-01 10:12:10,D1,Humidity,56.636
2024-01-01 10:12:12,D2,Temp,25.27
2024-01-01 10:12:15,D1,Temp,24.462
2024-01-01 10:12:14,D3,Humidity,53.271
2024-01-01 10:12:13,D1,Humidity,53.734
2024-01-01 10:12:10,D3,Temp,22.566
2024-01-01 10:12:12,D1,Temp,24.272
2024-01-01 10:12:08,D3,Humidity,53.755
2024-01-01 10:12:23,D2,Humidity,54.358
2024-01-01 10:12:18,D2,Temp,24.839
2024-01-01 10:12:22,D3,Temp,22.811
2024-01-01 10:12:28,D3,Temp,23.508
2024-01-01 10:12:29,D2,Humidity,54.591
2024-01-01 10:12:27,D1,Temp,24.965
2024-01-01 10:12:22,D1,Humidity,56.529
2024-01-01 10:12:17,D3,Humidity,53.739
2024-01-01 10:12:26,D2,Humidity,56.961
2024-01-01 10:12:18,D1,Temp,23.977
2024-01-01 10:12:20,D2,Humidity,54.986
2024-01-01 10:12:24,D2,Temp,25.095
2024-01-01 10:12:29,D3,Humidity,55.633
2024-01-01 10:12:21,D1,Temp,24.515
2024-01-01 10:12:25,D1,Humidity,54.185
2024-01-01 10:12:23,D3,Humidity,54.822
2024-01-01 10:12:27,D2,Temp,24.878
2024-01-01 10:12:26,D3,Humidity,53.989
2024-01-01 10:12:20,D3,Humidity,53.702
2024-01-01 10:12:21,D2,Temp,25.284
2024-01-01 10:12:19,D3,Temp,22.405
2024-01-01 10:12:24,D1,Temp,23.93
2024-01-01 10:12:28,D1,Humidity,55.777
2024-01-01 10:12:19,D1,Humidity,53.661
2024-01-01 10:12:25,D3,Temp,23.255
2024-01-01 10:12:39,D2,Temp,25.346
2024-01-01 10:12:33,D2,Temp,25.285
2024-01-01 10:12:33,D1,Temp,24.633
2024-01-01 10:12:41,D3,Humidity,52.595
2024-01-01 10:12:42,D1,Temp,23.61
2024-01-01 10:12:32,D3,Humidity,53.687
2024-01-01 10:12:31,D1,Humidity,56.283
2024-01-01 10:12:38,D3,Humidity,53.34
2024-01-01 10:12:35,D2,Humidity,54.508
2024-01-01 10:12:35,D3,Humidity,53.329
2024-01-01 10:12:34,D1,Humidity,55.878
2024-01-01 10:12:31,D3,Temp,23.341
2024-01-01 10:12:36,D1,Temp,23.58
2024-01-01 10:12:34,D3,Temp,22.738
2024-01-01 10:12:37,D3,Temp,22.529
2024-01-01 10:12:40,D3,Temp,23.0
2024-01-01 10:12:36,D2,Temp,24.12
2024-01-01 10:12:30,D2,Temp,24.107
2024-01-01 10:12:41,D2,Humidity,55.873
2024-01-01 10:12:30,D1,Temp,23.576
2024-01-01 10:12:37,D1,Humidity,56.467
2024-01-01 10:12:32,D2,Humidity,56.062
2024-01-01 10:12:38,D2,Humidity,54.683
2024-01-01 10:12:39,D1,Temp,23.536
2024-01-01 10:12:40,D1,Humidity,55.589
2024-01-01 10:12:44,D2,Humidity,52.205
2024-01-01 10:12:50,D3,Humidity,53.131
2024-01-01 10:12:42,D2,Temp,25.335
2024-01-01 10:12:43,D3,Temp,22.977
2024-01-01 10:12:54,D1,Temp,24.512
2024-01-01 10:12:54,D2,Temp,24.749
2024-01-01 10:12:53,D2,Humidity,57.126
2024-01-01 10:12:45,D1,Temp,23.802
2024-01-01 10:12:51,D2,Temp,25.12
2024-01-01 10:12:50,D2,Humidity,56.595
2024-01-01 10:12:52,D1,Humidity,54.338
2024-01-01 10:12:48,D1,Temp,24.349
2024-01-01 10:12:51,D1,Temp,23.916
2024-01-01 10:12:45,D2,Temp,25.869
2024-01-01 10:12:43,D1,Humidity,55.929
2024-01-01 10:12:44,D3,Humidity,65.187
2024-01-01 10:12:49,D1,Humidity,55.952
2024-01-01 10:12:47,D2,Humidity,56.792
2024-01-01 10:12:47,D3,Humidity,52.949
2024-01-01 10:12:48,D2,Temp,24.742
2024-01-01 10:12:46,D1,Humidity,55.034
2024-01-01 10:12:46,D3,Temp,22.796
2024-01-01 10:12:53,D3,Humidity,52.478
2024-01-01 10:12:52,D3,Temp,22.187
2024-01-01 10:12:49,D3,Temp,23.516
2024-01-01 10:12:56,D2,Humidity,56.581
2024-01-01 10:12:55,D1,Humidity,53.623
2024-01-01 10:13:01,D1,Humidity,55.532
2024-01-01 10:13:05,D2,Humidity,57.695
2024-01-01 10:12:55,D3,Temp,23.129
2024-01-01 10:13:02,D3,Humidity,53.995
2024-01-01 10:13:02,D2,Humidity,57.912
2024-01-01 10:13:07,D3,Temp,22.541
2024-01-01 10:12:58,D3,Temp,23.501
2024-01-01 10:13:03,D2,Temp,24.89
2024-01-01 10:13:06,D2,Temp,25.187
2024-01-01 10:12:58,D1,Humidity,55.251
2024-01-01 10:12:59,D2,Humidity,54.529
2024-01-01 10:13:04,D3,Temp,23.07
2024-01-01 10:13:01,D3,Temp,23.295
2024-01-01 10:12:56,D3,Humidity,54.555
2024-01-01 10:13:00,D1,Temp,23.478
2024-01-01 10:13:03,D1,Temp,23.324
2024-01-01 10:12:57,D2,Temp,25.542
2024-01-01 10:12:57,D1,Temp,24.455
2024-01-01 10:13:00,D2,Temp,24.825
2024-01-01 10:13:05,D3,Humidity,53.703
2024-01-01 10:12:59,D3,Humidity,55.589
2024-01-01 10:13:06,D1,Temp,23.426
2024-01-01 10:13:04,D1,Humidity,54.579
2024-01-01 10:13:13,D1,Humidity,56.693
2024-01-01 10:13:11,D2,Humidity,56.581
2024-01-01 10:13:08,D3,Humidity,52.316
2024-01-01 10:13:18,D2,Temp,25.467
2024-01-01 10:13:16,D3,Temp,22.998
2024-01-01 10:13:12,D2,Temp,25.197
2024-01-01 10:13:17,D3,Humidity,53.805
2024-01-01 10:13:16,D1,Humidity,56.704
2024-01-01 10:13:14,D3,Humidity,56.35
2024-01-01 10:13:15,D2,Temp,24.526
2024-01-01 10:13:09,D1,Temp,24.432
2024-01-01 10:13:15,D1,Temp,24.611
2024-01-01 10:13:13,D3,Temp,22.723
2024-01-01 10:13:07,D1,Humidity,57.04
2024-01-01 10:13:14,D2,Humidity,54.381
2024-01-01 10:13:19,D1,Humidity,54.988
2024-01-01 10:13:17,D2,Humidity,55.411
2024-01-01 10:13:12,D1,Temp,24.137
2024-01-01 10:13:10,D3,Temp,22.198
2024-01-01 10:13:11,D3,Humidity,54.211
2024-01-01 10:13:10,D1,Humidity,56.084
2024-01-01 10:13:19,D3,Temp,22.757
2024-01-01 10:13:18,D1,Temp,23.839
2024-01-01 10:13:08,D2,Humidity,56.324
2024-01-01 10:13:09,D2,Temp,25.948
2024-01-01 10:13:24,D1,Temp,24.12
2024-01-01 10:13:27,D1,Temp,23.506
2024-01-01 10:13:21,D1,Temp,23.653
2024-01-01 10:13:27,D2,Temp,25.286
2024-01-01 10:13:31,D1,Humidity,54.075
2024-01-01 10:13:29,D2,Humidity,55.258
2024-01-01 10:13:23,D2,Humidity,53.935
2024-01-01 10:13:22,D1,Humidity,53.584
2024-01-01 10:13:28,D1,Humidity,55.021
2024-01-01 10:13:32,D2,Humidity,56.378
2024-01-01 10:13:30,D2,Temp,25.077
2024-01-01 10:13:21,D2,Temp,24.463
2024-01-01 10:13:22,D3,Temp,22.393
2024-01-01 10:13:25,D1,Humidity,53.778
2024-01-01 10:13:20,D2,Humidity,56.648
2024-01-01 10:13:30,D1,Temp,23.281
2024-01-01 10:13:25,D3,Temp,22.669
2024-01-01 10:13:26,D3,Humidity,52.335
2024-01-01 10:13:29,D3,Humidity,56.914
2024-01-01 10:13:26,D2,Humidity,54.808
2024-01-01 10:13:20,D3,Humidity,53.751
2024-01-01 10:13:24,D2,Temp,25.022
2024-01-01 10:13:31,D3,Temp,22.866
2024-01-01 10:13:28,D3,Temp,22.438
2024-01-01 10:13:23,D3,Humidity,53.128
2024-01-01 10:13:36,D1,Temp,23.921
2024-01-01 10:13:41,D3,Humidity,54.568
2024-01-01 10:13:39,D1,Temp,23.811
2024-01-01 10:13:33,D1,Temp,23.572
2024-01-01 10:13:41,D2,Humidity,56.815
2024-01-01 10:13:38,D2,Humidity,54.941
2024-01-01 10:13:44,D2,Humidity,56.574
2024-01-01 10:13:37,D1,Humidity,54.902
2024-01-01 10:13:44,D3,Humidity,54.901
2024-01-01 10:13:42,D2,Temp,25.368
2024-01-01 10:13:40,D3,Temp,22.967
2024-01-01 10:13:36,D2,Temp,24.21
2024-01-01 10:13:34,D1,Humidity,56.571
2024-01-01 10:13:35,D3,Humidity,55.765
2024-01-01 10:13:32,D3,Humidity,54.187
2024-01-01 10:13:38,D3,Humidity,55.12
2024-01-01 10:13:34,D3,Temp,23.156
2024-01-01 10:13:40,D1,Humidity,55.9
2024-01-01 10:13:42,D1,Temp,23.587
2024-01-01 10:13:43,D1,Humidity,57.403
2024-01-01 10:13:33,D2,Temp,25.171
2024-01-01 10:13:43,D3,Temp,23.009
2024-01-01 10:13:35,D2,Humidity,55.268
2024-01-01 10:13:39,D2,Temp,25.407
2024-01-01 10:13:37,D3,Temp,23.209
2024-01-01 10:13:45,D1,Temp,23.694
2024-01-01 10:13:52,D3,Temp,22.173
2024-01-01 10:13:55,D1,Humidity,56.044
2024-01-01 10:13:57,D1,Temp,23.731
2024-01-01 10:13:48,D2,Temp,25.081
2024-01-01 10:13:47,D2,Humidity,54.596
2024-01-01 10:13:48,D1,Temp,23.969
2024-01-01 10:13:56,D2,Humidity,55.713
2024-01-01 10:13:51,D2,Temp,25.103
2024-01-01 10:13:54,D1,Temp,23.245
2024-01-01 10:13:46,D1,Humidity,53.595
2024-01-01 10:13:49,D3,Temp,23.447
2024-01-01 10:13:47,D3,Humidity,53.87
2024-01-01 10:13:53,D2,Humidity,55.234
2024-01-01 10:13:51,D1,Temp,23.922
2024-01-01 10:13:46,D3,Temp,23.039
2024-01-01 10:13:50,D3,Humidity,53.826
2024-01-01 10:13:53,D3,Humidity,52.884
2024-01-01 10:13:52,D1,Humidity,55.08
2024-01-01 10:13:49,D1,Humidity,54.52
2024-01-01 10:13:56,D3,Humidity,51.982
2024-01-01 10:13:55,D3,Temp,22.249
2024-01-01 10:13:45,D2,Temp,24.838
2024-01-01 10:13:54,D2,Temp,24.823
2024-01-01 10:13:50,D2,Humidity,56.817
2024-01-01 10:14:09,D2,Temp,25.073
2024-01-01 10:13:59,D2,Humidity,55.557
2024-01-01 10:14:06,D2,Temp,25.453
2024-01-01 10:14:05,D3,Humidity,53.247
2024-01-01 10:13:59,D3,Humidity,53.846
2024-01-01 10:14:04,D1,Humidity,53.951
2024-01-01 10:14:06,D1,Temp,24.15
2024-01-01 10:14:08,D3,Humidity,54.819
2024-01-01 10:14:00,D1,Temp,23.32
2024-01-01 10:13:58,D3,Temp,22.762
2024-01-01 10:13:57,D2,Temp,25.302
2024-01-01 10:14:07,D3,Temp,22.878
2024-01-01 10:14:03,D2,Temp,24.938
2024-01-01 10:14:04,D3,Temp,23.101
2024-01-01 10:14:01,D1,Humidity,58.545
2024-01-01 10:14:05,D2,Humidity,57.866
2024-01-01 10:14:08,D2,Humidity,56.704
2024-01-01 10:14:02,D2,Humidity,55.744
2024-01-01 10:14:09,D1,Temp,23.564
2024-01-01 10:14:07,D1,Humidity,55.0
2024-01-01 10:14:02,D3,Humidity,53.453
2024-01-01 10:14:00,D2,Temp,24.982
2024-01-01 10:14:01,D3,Temp,22.777
2024-01-01 10:14:03,D1,Temp,24.395
2024-01-01 10:13:58,D1,Humidity,54.663
2024-01-01 10:14:19,D1,Humidity,53.154
2024-01-01 10:14:20,D2,Humidity,55.894
2024-01-01 10:14:11,D2,Humidity,55.222
2024-01-01 10:14:13,D3,Temp,22.977
2024-01-01 10:14:21,D1,Temp,22.968
2024-01-01 10:14:17,D3,Humidity,55.322
2024-01-01 10:14:16,D1,Humidity,57.1
2024-01-01 10:14:10,D1,Humidity,54.106
2024-01-01 10:14:20,D3,Humidity,53.742
2024-01-01 10:14:12,D2,Temp,26.042
2024-01-01 10:14:21,D2,Temp,25.166
2024-01-01 10:14:15,D1,Temp,23.385
2024-01-01 10:14:12,D1,Temp,24.639
2024-01-01 10:14:19,D3,Temp,23.186
2024-01-01 10:14:13,D1,Humidity,53.99
2024-01-01 10:14:17,D2,Humidity,54.784
2024-01-01 10:14:15,D2,Temp,24.873
2024-01-01 10:14:18,D1,Temp,24.525
2024-01-01 10:14:10,D3,Temp,22.622
2024-01-01 10:14:14,D3,Humidity,55.929
2024-01-01 10:14:18,D2,Temp,24.933
2024-01-01 10:14:14,D2,Humidity,54.837
2024-01-01 10:14:22,D3,Temp,23.142
2024-01-01 10:14:11,D3,Humidity,55.459
2024-01-01 10:14:16,D3,Temp,22.774
2024-01-01 10:14:24,D2,Temp,24.877
2024-01-01 10:14:27,D1,Temp,23.957
2024-01-01 10:14:32,D2,Humidity,58.139
2024-01-01 10:14:28,D1,Humidity,54.815
2024-01-01 10:14:30,D2,Temp,25.499
2024-01-01 10:14:31,D1,Humidity,56.106
2024-01-01 10:14:26,D3,Humidity,53.43
2024-01-01 10:14:23,D2,Humidity,54.305
2024-01-01 10:14:29,D3,Humidity,54.124
2024-01-01 10:14:25,D3,Temp,22.617
2024-01-01 10:14:26,D2,Humidity,56.368
2024-01-01 10:14:22,D1,Humidity,52.968
2024-01-01 10:14:30,D1,Temp,24.356
2024-01-01 10:14:27,D2,Temp,24.908
2024-01-01 10:14:28,D3,Temp,23.183
2024-01-01 10:14:23,D3,Humidity,53.101
2024-01-01 10:14:33,D2,Temp,24.857
2024-01-01 10:14:31,D3,Temp,22.416
2024-01-01 10:14:34,D3,Temp,23.176
2024-01-01 10:14:24,D1,Temp,23.788
2024-01-01 10:14:29,D2,Humidity,57.034
2024-01-01 10:14:34,D1,Humidity,55.624
2024-01-01 10:14:32,D3,Humidity,52.833
2024-01-01 10:14:33,D1,Temp,23.987
2024-01-01 10:14:25,D1,Humidity,53.791
2024-01-01 10:14:36,D2,Temp,24.945
2024-01-01 10:14:37,D3,Temp,23.409
2024-01-01 10:14:40,D1,Humidity,53.554
2024-01-01 10:14:44,D3,Humidity,54.947
2024-01-01 10:14:36,D1,Temp,23.657
2024-01-01 10:14:46,D1,Humidity,56.014
2024-01-01 10:14:37,D1,Humidity,57.344
2024-01-01 10:14:43,D1,Humidity,58.184
2024-01-01 10:14:47,D2,Humidity,57.955
2024-01-01 10:14:39,D2,Temp,24.367
2024-01-01 10:14:42,D2,Temp,25.511
2024-01-01 10:14:46,D3,Temp,22.849
2024-01-01 10:14:35,D3,Humidity,55.575
2024-01-01 10:14:43,D3,Temp,23.169
2024-01-01 10:14:38,D2,Humidity,55.385
2024-01-01 10:14:35,D2,Humidity,55.197
2024-01-01 10:14:40,D3,Temp,22.618
2024-01-01 10:14:45,D2,Temp,25.603
2024-01-01 10:14:45,D1,Temp,24.166
2024-01-01 10:14:42,D1,Temp,24.011
2024-01-01 10:14:41,D2,Humidity,55.396
2024-01-01 10:14:41,D3,Humidity,53.5
2024-01-01 10:14:39,D1,Temp,24.088
2024-01-01 10:14:38,D3,Humidity,54.939
2024-01-01 10:14:44,D2,Humidity,55.708
2024-01-01 10:14:49,D3,Temp,22.826
2024-01-01 10:14:58,D1,Humidity,53.94
2024-01-01 10:14:59,D3,Humidity,55.784
2024-01-01 10:14:48,D1,Temp,23.97
2024-01-01 10:14:56,D2,Humidity,53.291
2024-01-01 10:14:54,D1,Temp,23.712
2024-01-01 10:14:56,D3,Humidity,53.33
2024-01-01 10:14:55,D1,Humidity,55.106
2024-01-01 10:14:52,D1,Humidity,55.957
2024-01-01 10:14:58,D3,Temp,22.603
2024-01-01 10:14:49,D1,Humidity,53.95
2024-01-01 10:14:51,D2,Temp,24.797
2024-01-01 10:14:50,D3,Humidity,53.724
2024-01-01 10:14:53,D2,Humidity,55.753
2024-01-01 10:14:59,D2,Humidity,56.085
2024-01-01 10:14:51,D1,Temp,24.694
2024-01-01 10:14:50,D2,Humidity,58.199
2024-01-01 10:14:55,D3,Temp,22.734
2024-01-01 10:14:47,D3,Humidity,53.135
2024-01-01 10:14:57,D2,Temp,24.795
2024-01-01 10:14:53,D3,Humidity,52.921
2024-01-01 10:14:54,D2,Temp,25.109
2024-01-01 10:14:52,D3,Temp,22.917
2024-01-01 10:14:48,D2,Temp,25.202
2024-01-01 10:14:57,D1,Temp,23.928
2024-01-01 10:15:06,D2,Temp,24.685
2024-01-01 10:15:02,D3,Humidity,53.459
2024-01-01 10:15:03,D2,Temp,24.96
2024-01-01 10:15:12,D1,Temp,24.212
2024-01-01 10:15:00,D2,Temp,24.889
2024-01-01 10:15:07,D1,Humidity,57.938
2024-01-01 10:15:02,D2,Humidity,55.887
2024-01-01 10:15:07,D3,Temp,23.322
2024-01-01 10:15:11,D2,Humidity,55.526
2024-01-01 10:15:10,D1,Humidity,54.333
2024-01-01 10:15:11,D3,Humidity,51.221
2024-01-01 10:15:04,D3,Temp,22.125
2024-01-01 10:15:05,D2,Humidity,53.66
2024-01-01 10:15:08,D2,Humidity,55.252
2024-01-01 10:15:01,D1,Humidity,55.401
2024-01-01 10:15:05,D3,Humidity,55.549
2024-01-01 10:15:03,D1,Temp,24.005
2024-01-01 10:15:04,D1,Humidity,54.141
2024-01-01 10:15:01,D3,Temp,23.391
2024-01-01 10:15:10,D3,Temp,22.558
2024-01-01 10:15:08,D3,Humidity,55.559
2024-01-01 10:15:06,D1,Temp,24.329
2024-01-01 10:15:09,D2,Temp,24.905
2024-01-01 10:15:09,D1,Temp,24.145
2024-01-01 10:15:00,D1,Temp,23.441
2024-01-01 10:15:18,D2,Temp,25.03
2024-01-01 10:15:13,D3,Temp,23.184
2024-01-01 10:15:19,D3,Temp,23.892
2024-01-01 10:15:15,D2,Temp,25.282
2024-01-01 10:15:14,D3,Humidity,52.011
2024-01-01 10:15:20,D3,Humidity,57.523
2024-01-01 10:15:12,D2,Temp,24.871
2024-01-01 10:15:23,D3,Humidity,54.157
2024-01-01 10:15:23,D2,Humidity,55.23
2024-01-01 10:15:17,D3,Humidity,52.9
2024-01-01 10:15:15,D1,Temp,23.627
2024-01-01 10:15:16,D3,Temp,23.943
2024-01-01 10:15:21,D2,Temp,24.875
2024-01-01 10:15:18,D1,Temp,24.517
2024-01-01 10:15:20,D2,Humidity,55.223
2024-01-01 10:15:14,D2,Humidity,59.598
2024-01-01 10:15:16,D1,Humidity,53.809
2024-01-01 10:15:22,D3,Temp,23.723
2024-01-01 10:15:17,D2,Humidity,58.195
2024-01-01 10:15:13,D1,Humidity,54.497
2024-01-01 10:15:24,D1,Temp,24.181
2024-01-01 10:15:22,D1,Humidity,54.118
2024-01-01 10:15:19,D1,Humidity,57.138
2024-01-01 10:15:21,D1,Temp,23.55
2024-01-01 10:15:24,D2,Temp,25.155
2024-01-01 10:15:37,D3,Temp,23.581
2024-01-01 10:15:29,D2,Humidity,57.583
2024-01-01 10:15:35,D2,Humidity,56.07
2024-01-01 10:15:33,D1,Temp,23.865
2024-01-01 10:15:36,D2,Temp,25.607
2024-01-01 10:15:28,D1,Humidity,54.255
2024-01-01 10:15:25,D1,Humidity,55.236
2024-01-01 10:15:31,D3,Temp,23.509
2024-01-01 10:15:35,D3,Humidity,51.023
2024-01-01 10:15:28,D3,Temp,23.011
2024-01-01 10:15:33,D2,Temp,25.27
2024-01-01 10:15:26,D3,Humidity,55.805
2024-01-01 10:15:27,D2,Temp,24.499
2024-01-01 10:15:25,D3,Temp,22.702
2024-01-01 10:15:26,D2,Humidity,56.765
2024-01-01 10:15:31,D1,Humidity,55.925
2024-01-01 10:15:36,D1,Temp,23.795
2024-01-01 10:15:30,D2,Temp,24.574
2024-01-01 10:15:27,D1,Temp,24.131
2024-01-01 10:15:34,D3,Temp,22.98
2024-01-01 10:15:29,D3,Humidity,51.989
2024-01-01 10:15:34,D1,Humidity,55.877
2024-01-01 10:15:30,D1,Temp,24.224
2024-01-01 10:15:32,D2,Humidity,56.263
2024-01-01 10:15:32,D3,Humidity,54.606
2024-01-01 10:15:43,D1,Humidity,54.495
2024-01-01 10:15:41,D2,Humidity,57.479
2024-01-01 10:15:46,D1,Humidity,53.363
2024-01-01 10:15:47,D3,Humidity,54.764
2024-01-01 10:15:47,D2,Humidity,54.692
2024-01-01 10:15:44,D3,Humidity,53.443
2024-01-01 10:15:48,D2,Temp,25.091
2024-01-01 10:15:49,D3,Temp,22.856
2024-01-01 10:15:48,D1,Temp,23.512
2024-01-01 10:15:37,D1,Humidity,55.125
2024-01-01 10:15:44,D2,Humidity,55.366
2024-01-01 10:15:38,D2,Humidity,55.849
2024-01-01 10:15:42,D2,Temp,25.185
2024-01-01 10:15:49,D1,Humidity,54.277
2024-01-01 10:15:45,D2,Temp,25.172
2024-01-01 10:15:40,D1,Humidity,55.794
2024-01-01 10:15:39,D2,Temp,25.232
2024-01-01 10:15:41,D3,Humidity,52.854
2024-01-01 10:15:38,D3,Humidity,53.598
2024-01-01 10:15:40,D3,Temp,22.608
2024-01-01 10:15:39,D1,Temp,24.252
2024-01-01 10:15:46,D3,Temp,22.992
2024-01-01 10:15:45,D1,Temp,24.154
2024-01-01 10:15:42,D1,Temp,23.925
2024-01-01 10:15:43,D3,Temp,23.289
2024-01-01 10:16:01,D3,Temp,22.56
2024-01-01 10:15:53,D2,Humidity,57.364
2024-01-01 10:15:52,D1,Humidity,55.615
2024-01-01 10:15:50,D2,Humidity,56.032
2024-01-01 10:15:55,D3,Temp,22.479
2024-01-01 10:15:56,D3,Humidity,54.865
2024-01-01 10:15:51,D2,Temp,24.882
2024-01-01 10:16:02,D2,Humidity,57.25
2024-01-01 10:15:59,D3,Humidity,54.776
2024-01-01 10:15:51,D1,Temp,24.116
2024-01-01 10:15:59,D2,Humidity,57.206
2024-01-01 10:16:00,D1,Temp,24.158
2024-01-01 10:15:54,D2,Temp,25.191
2024-01-01 10:15:58,D3,Temp,23.146
2024-01-01 10:15:57,D1,Temp,23.803
2024-01-01 10:15:53,D3,Humidity,54.729
2024-01-01 10:15:56,D2,Humidity,56.63
2024-01-01 10:15:55,D1,Humidity,54.946
2024-01-01 10:15:52,D3,Temp,22.411
2024-01-01 10:15:57,D2,Temp,24.975
2024-01-01 10:16:00,D2,Temp,24.59
2024-01-01 10:16:01,D1,Humidity,54.89
2024-01-01 10:15:54,D1,Temp,24.466
2024-01-01 10:15:58,D1,Humidity,56.526
2024-01-01 10:15:50,D3,Humidity,56.012
2024-01-01 10:16:08,D2,Humidity,56.416
2024-01-01 10:16:07,D1,Humidity,56.5
2024-01-01 10:16:06,D2,Temp,25.103
2024-01-01 10:16:03,D2,Temp,24.399
2024-01-01 10:16:05,D3,Humidity,52.424
2024-01-01 10:16:09,D1,Temp,24.093
2024-01-01 10:16:07,D3,Temp,24.181
2024-01-01 10:16:14,D3,Humidity,52.09
2024-01-01 10:16:14,D2,Humidity,57.785
2024-01-01 10:16:03,D1,Temp,24.224
2024-01-01 10:16:08,D3,Humidity,53.819
2024-01-01 10:16:06,D1,Temp,24.353
2024-01-01 10:16:04,D3,Temp,22.415
2024-01-01 10:16:02,D3,Humidity,54.474
2024-01-01 10:16:11,D2,Humidity,56.33
2024-01-01 10:16:10,D3,Temp,22.424
2024-01-01 10:16:12,D2,Temp,24.669
2024-01-01 10:16:11,D3,Humidity,50.694
2024-01-01 10:16:13,D1,Humidity,54.947
2024-01-01 10:16:09,D2,Temp,24.959
2024-01-01 10:16:04,D1,Humidity,56.344
2024-01-01 10:16:10,D1,Humidity,56.113
2024-01-01 10:16:05,D2,Humidity,55.958
2024-01-01 10:16:13,D3,Temp,23.392
2024-01-01 10:16:12,D1,Temp,23.746
2024-01-01 10:16:15,D1,Temp,23.57
2024-01-01 10:16:16,D3,Temp,22.738
2024-01-01 10:16:20,D3,Humidity,54.099
2024-01-01 10:16:21,D1,Temp,24.333
2024-01-01 10:16:18,D2,Temp,25.447
2024-01-01 10:16:21,D2,Temp,25.048
2024-01-01 10:16:24,D2,Temp,25.369
2024-01-01 10:16:17,D2,Humidity,55.368
2024-01-01 10:16:24,D1,Temp,24.006
2024-01-01 10:16:26,D2,Humidity,55.908
2024-01-01 10:16:19,D1,Humidity,54.651
2024-01-01 10:16:22,D1,Humidity,53.666
2024-01-01 10:16:27,D1,Temp,24.152
2024-01-01 10:16:25,D1,Humidity,57.788
2024-01-01 10:16:18,D1,Temp,24.216
2024-01-01 10:16:17,D3,Humidity,53.088
2024-01-01 10:16:23,D3,Humidity,53.555
2024-01-01 10:16:19,D3,Temp,22.365
2024-01-01 10:16:23,D2,Humidity,53.81
2024-01-01 10:16:16,D1,Humidity,53.73
2024-01-01 10:16:20,D2,Humidity,56.017
2024-01-01 10:16:25,D3,Temp,22.849
2024-01-01 10:16:26,D3,Humidity,53.42
2024-01-01 10:16:15,D2,Temp,25.427
2024-01-01 10:16:22,D3,Temp,22.768
2024-01-01 10:16:30,D2,Temp,25.062
2024-01-01 10:16:36,D2,Temp,25.713
2024-01-01 10:16:33,D1,Temp,23.761
2024-01-01 10:16:28,D3,Temp,23.084
2024-01-01 10:16:38,D2,Humidity,54.536
2024-01-01 10:16:37,D1,Humidity,53.955
2024-01-01 10:16:33,D2,Temp,25.168
2024-01-01 10:16:36,D1,Temp,23.82
2024-01-01 10:16:32,D2,Humidity,57.88
2024-01-01 10:16:34,D3,Temp,23.163
2024-01-01 10:16:39,D1,Temp,23.854
2024-01-01 10:16:29,D2,Humidity,56.811
2024-01-01 10:16:38,D3,Humidity,52.965
2024-01-01 10:16:32,D3,Humidity,54.594
2024-01-01 10:16:31,D1,Humidity,53.922
2024-01-01 10:16:28,D1,Humidity,52.523
2024-01-01 10:16:31,D3,Temp,22.49
2024-01-01 10:16:30,D1,Temp,24.084
2024-01-01 10:16:34,D1,Humidity,57.345
2024-01-01 10:16:29,D3,Humidity,54.08
2024-01-01 10:16:35,D3,Humidity,54.493
2024-01-01 10:16:27,D2,Temp,24.612
2024-01-01 10:16:37,D3,Temp,22.959
2024-01-01 10:16:39,D2,Temp,25.306
2024-01-01 10:16:35,D2,Humidity,57.332
2024-01-01 10:16:44,D2,Humidity,55.11
2024-01-01 10:16:49,D3,Temp,22.522
2024-01-01 10:16:47,D2,Humidity,56.235
2024-01-01 10:16:48,D2,Temp,25.114
2024-01-01 10:16:43,D1,Humidity,53.187
2024-01-01 10:16:40,D1,Humidity,56.381
2024-01-01 10:16:42,D1,Temp,24.904
2024-01-01 10:16:48,D1,Temp,23.803
2024-01-01 10:16:45,D1,Temp,22.929
2024-01-01 10:16:46,D3,Temp,23.557
2024-01-01 10:16:45,D2,Temp,25.029
2024-01-01 10:16:44,D3,Humidity,53.099
2024-01-01 10:16:41,D2,Humidity,56.184
2024-01-01 10:16:49,D1,Humidity,56.409
2024-01-01 10:16:52,D3,Temp,23.305
2024-01-01 10:16:40,D3,Temp,23.365
2024-01-01 10:16:46,D1,Humidity,54.358
2024-01-01 10:16:42,D2,Temp,25.364
2024-01-01 10:16:43,D3,Temp,23.641
2024-01-01 10:16:50,D2,Humidity,53.697
2024-01-01 10:16:51,D1,Temp,23.803
2024-01-01 10:16:50,D3,Humidity,54.387
2024-01-01 10:16:47,D3,Humidity,52.975
2024-01-01 10:16:41,D3,Humidity,54.998
2024-01-01 10:16:51,D2,Temp,25.596
2024-01-01 10:16:57,D2,Temp,24.856
2024-01-01 10:16:53,D2,Humidity,53.093
2024-01-01 10:17:03,D2,Temp,25.104
2024-01-01 10:17:04,D3,Temp,22.5
2024-01-01 10:17:00,D1,Temp,23.351
2024-01-01 10:16:55,D3,Temp,23.012
2024-01-01 10:16:54,D2,Temp,24.924
2024-01-01 10:16:56,D3,Humidity,51.839
2024-01-01 10:16:58,D3,Temp,22.959
2024-01-01 10:17:04,D1,Humidity,57.611
2024-01-01 10:16:54,D1,Temp,23.799
2024-01-01 10:17:01,D3,Temp,23.257
2024-01-01 10:16:59,D2,Humidity,55.792
2024-01-01 10:16:56,D2,Humidity,54.361
2024-01-01 10:17:03,D1,Temp,23.2
2024-01-01 10:16:59,D3,Humidity,55.784
2024-01-01 10:16:55,D1,Humidity,55.808
2024-01-01 10:16:53,D3,Humidity,52.798
2024-01-01 10:16:57,D1,Temp,24.101
2024-01-01 10:16:52,D1,Humidity,52.499
2024-01-01 10:17:02,D3,Humidity,52.485
2024-01-01 10:17:01,D1,Humidity,56.881
2024-01-01 10:17:02,D2,Humidity,55.753
2024-01-01 10:16:58,D1,Humidity,54.23
2024-01-01 10:17:00,D2,Temp,24.51
2024-01-01 10:17:16,D3,Temp,23.331
2024-01-01 10:17:10,D1,Humidity,54.333
2024-01-01 10:17:15,D1,Temp,23.249
2024-01-01 10:17:12,D2,Temp,25.241
2024-01-01 10:17:07,D1,Humidity,54.996
2024-01-01 10:17:13,D1,Humidity,54.887
2024-01-01 10:17:17,D2,Humidity,54.677
2024-01-01 10:17:09,D2,Temp,25.852
2024-01-01 10:17:05,D3,Humidity,54.272
2024-01-01 10:17:15,D2,Temp,25.146
2024-01-01 10:17:08,D2,Humidity,56.076
2024-01-01 10:17:10,D3,Temp,22.345
2024-01-01 10:17:11,D3,Humidity,55.01
2024-01-01 10:17:09,D1,Temp,24.25
2024-01-01 10:17:13,D3,Temp,22.532
2024-01-01 10:17:05,D2,Humidity,58.81
2024-01-01 10:17:06,D2,Temp,24.953
2024-01-01 10:17:07,D3,Temp,23.457
2024-01-01 10:17:16,D1,Humidity,54.408
2024-01-01 10:17:11,D2,Humidity,54.915
2024-01-01 10:17:08,D3,Humidity,55.632
2024-01-01 10:17:06,D1,Temp,24.194
2024-01-01 10:17:14,D2,Humidity,58.756
2024-01-01 10:17:14,D3,Humidity,55.966
2024-01-01 10:17:12,D1,Temp,23.803
2024-01-01 10:17:28,D1,Humidity,56.674
2024-01-01 10:17:24,D2,Temp,24.717
2024-01-01 10:17:18,D1,Temp,24.04
2024-01-01 10:17:23,D3,Humidity,54.008
2024-01-01 10:17:29,D3,Humidity,54.196
2024-01-01 10:17:22,D1,Humidity,56.557
2024-01-01 10:17:22,D3,Temp,22.449
2024-01-01 10:17:21,D1,Temp,24.206
2024-01-01 10:17:19,D3,Temp,22.937
2024-01-01 10:17:20,D3,Humidity,53.405
2024-01-01 10:17:21,D2,Temp,25.293
2024-01-01 10:17:23,D2,Humidity,54.25
2024-01-01 10:17:26,D3,Humidity,52.917
2024-01-01 10:17:29,D2,Humidity,53.331
2024-01-01 10:17:20,D2,Humidity,54.903
2024-01-01 10:17:27,D2,Temp,25.62
2024-01-01 10:17:25,D1,Humidity,52.184
2024-01-01 10:17:24,D1,Temp,23.877
2024-01-01 10:17:17,D3,Humidity,54.794
2024-01-01 10:17:26,D2,Humidity,62.786
2024-01-01 10:17:27,D1,Temp,24.35
2024-01-01 10:17:19,D1,Humidity,57.797
2024-01-01 10:17:28,D3,Temp,23.31
2024-01-01 10:17:25,D3,Temp,23.453
2024-01-01 10:17:18,D2,Temp,25.221
2024-01-01 10:17:41,D2,Humidity,57.469
2024-01-01 10:17:41,D3,Humidity,54.11
2024-01-01 10:17:32,D2,Humidity,57.651
2024-01-01 10:17:40,D1,Humidity,55.063
2024-01-01 10:17:35,D2,Humidity,56.219
2024-01-01 10:17:32,D3,Humidity,51.626
2024-01-01 10:17:31,D1,Humidity,55.114
2024-01-01 10:17:36,D1,Temp,24.474
2024-01-01 10:17:30,D2,Temp,24.85
2024-01-01 10:17:38,D2,Humidity,55.17
2024-01-01 10:17:40,D3,Temp,23.506
2024-01-01 10:17:37,D3,Temp,22.612
2024-01-01 10:17:39,D1,Temp,23.54
2024-01-01 10:17:35,D3,Humidity,55.868
2024-01-01 10:17:30,D1,Temp,23.447
2024-01-01 10:17:33,D1,Temp,23.666
2024-01-01 10:17:42,D1,Temp,23.829
2024-01-01 10:17:36,D2,Temp,25.027
2024-01-01 10:17:38,D3,Humidity,52.561
2024-01-01 10:17:39,D2,Temp,25.049
2024-01-01 10:17:34,D1,Humidity,56.207
2024-01-01 10:17:31,D3,Temp,23.098
2024-01-01 10:17:33,D2,Temp,24.408
2024-01-01 10:17:37,D1,Humidity,56.19
2024-01-01 10:17:34,D3,Temp,22.344
2024-01-01 10:17:42,D2,Temp,26.088
2024-01-01 10:17:45,D1,Temp,24.161
2024-01-01 10:17:49,D1,Humidity,55.7
2024-01-01 10:17:48,D2,Temp,24.711
2024-01-01 10:17:50,D3,Humidity,54.862
2024-01-01 10:17:43,D1,Humidity,55.236
2024-01-01 10:17:43,D3,Temp,23.728
2024-01-01 10:17:46,D3,Temp,23.187
2024-01-01 10:17:53,D2,Humidity,54.651
2024-01-01 10:17:50,D2,Humidity,54.714
2024-01-01 10:17:54,D2,Temp,24.823
2024-01-01 10:17:45,D2,Temp,24.898
2024-01-01 10:17:47,D3,Humidity,55.371
2024-01-01 10:17:54,D1,Temp,24.011
2024-01-01 10:17:47,D2,Humidity,56.524
2024-01-01 10:17:48,D1,Temp,24.126
2024-01-01 10:17:53,D3,Humidity,52.049
2024-01-01 10:17:51,D1,Temp,24.286
2024-01-01 10:17:52,D3,Temp,22.687
2024-01-01 10:17:46,D1,Humidity,55.388
2024-01-01 10:17:51,D2,Temp,24.982
2024-01-01 10:17:52,D1,Humidity,52.868
2024-01-01 10:17:49,D3,Temp,22.692
2024-01-01 10:17:44,D3,Humidity,52.069
2024-01-01 10:17:44,D2,Humidity,55.001
2024-01-01 10:18:07,D3,Temp,22.598
2024-01-01 10:17:55,D1,Humidity,56.047
2024-01-01 10:18:05,D3,Humidity,53.086
2024-01-01 10:18:05,D2,Humidity,57.246
2024-01-01 10:18:00,D1,Temp,24.405
2024-01-01 10:18:06,D2,Temp,25.189
2024-01-01 10:18:03,D2,Temp,25.019
2024-01-01 10:17:56,D2,Humidity,56.155
2024-01-01 10:17:55,D3,Temp,22.632
2024-01-01 10:17:59,D3,Humidity,53.047
2024-01-01 10:18:01,D1,Humidity,55.219
2024-01-01 10:18:03,D1,Temp,23.878
2024-01-01 10:17:58,D3,Temp,22.359
2024-01-01 10:17:59,D2,Humidity,53.829
2024-01-01 10:18:02,D3,Humidity,52.151
2024-01-01 10:18:04,D1,Humidity,56.232
2024-01-01 10:17:57,D2,Temp,25.415
2024-01-01 10:18:02,D2,Humidity,57.696
2024-01-01 10:17:58,D1,Humidity,55.848
2024-01-01 10:17:56,D3,Humidity,54.057
2024-01-01 10:17:57,D1,Temp,24.223
2024-01-01 10:18:01,D3,Temp,23.266
2024-01-01 10:18:06,D1,Temp,24.9
2024-01-01 10:18:00,D2,Temp,25.276
2024-01-01 10:18:04,D3,Temp,23.814
2024-01-01 10:18:19,D1,Humidity,54.662
2024-01-01 10:18:15,D2,Temp,24.535
2024-01-01 10:18:15,D1,Temp,23.924
2024-01-01 10:18:16,D1,Humidity,54.936
2024-01-01 10:18:19,D3,Temp,23.386
2024-01-01 10:18:09,D1,Temp,23.906
2024-01-01 10:18:10,D3,Temp,23.211
2024-01-01 10:18:16,D3,Temp,23.131
2024-01-01 10:18:07,D1,Humidity,57.814
2024-01-01 10:18:09,D2,Temp,24.608
2024-01-01 10:18:17,D3,Humidity,54.883
2024-01-01 10:18:12,D2,Temp,25.547
2024-01-01 10:18:12,D1,Temp,23.346
2024-01-01 10:18:10,D1,Humidity,55.332
2024-01-01 10:18:14,D3,Humidity,56.762
2024-01-01 10:18:13,D1,Humidity,56.755
2024-01-01 10:18:08,D2,Humidity,54.288
2024-01-01 10:18:18,D1,Temp,23.631
2024-01-01 10:18:13,D3,Temp,22.67
2024-01-01 10:18:11,D2,Humidity,56.136
2024-01-01 10:18:11,D3,Humidity,56.273
2024-01-01 10:18:18,D2,Temp,25.577
2024-01-01 10:18:08,D3,Humidity,52.958
2024-01-01 10:18:14,D2,Humidity,58.286
2024-01-01 10:18:17,D2,Humidity,53.885
2024-01-01 10:18:24,D1,Temp,23.749
2024-01-01 10:18:27,D2,Temp,25.114
2024-01-01 10:18:26,D2,Humidity,56.564
2024-01-01 10:18:26,D3,Humidity,52.189
2024-01-01 10:18:30,D1,Temp,24.032
2024-01-01 10:18:27,D1,Temp,24.201
2024-01-01 10:18:21,D2,Temp,26.239
2024-01-01 10:18:24,D2,Temp,24.468
2024-01-01 10:18:29,D2,Humidity,55.932
2024-01-01 10:18:32,D2,Humidity,55.921
2024-01-01 10:18:22,D3,Temp,22.626
2024-01-01 10:18:28,D1,Humidity,53.348
2024-01-01 10:18:21,D1,Temp,23.817
2024-01-01 10:18:20,D2,Humidity,56.043
2024-01-01 10:18:25,D3,Temp,23.477
2024-01-01 10:18:31,D3,Temp,22.865
2024-01-01 10:18:25,D1,Humidity,55.854
2024-01-01 10:18:31,D1,Humidity,56.058
2024-01-01 10:18:22,D1,Humidity,55.066
2024-01-01 10:18:23,D3,Humidity,53.539
2024-01-01 10:18:30,D2,Temp,25.025
2024-01-01 10:18:28,D3,Temp,22.865
2024-01-01 10:18:29,D3,Humidity,52.955
2024-01-01 10:18:20,D3,Humidity,53.709
2024-01-01 10:18:23,D2,Humidity,57.19
2024-01-01 10:18:34,D3,Temp,22.614
2024-01-01 10:18:35,D2,Humidity,57.106
2024-01-01 10:18:39,D2,Temp,25.437
2024-01-01 10:18:38,D3,Humidity,55.148
2024-01-01 10:18:43,D3,Temp,22.853
2024-01-01 10:18:42,D2,Temp,25.149
2024-01-01 10:18:37,D1,Humidity,56.057
2024-01-01 10:18:33,D1,Temp,24.167
2024-01-01 10:18:39,D1,Temp,24.742
2024-01-01 10:18:44,D3,Humidity,54.496
2024-01-01 10:18:34,D1,Humidity,54.586
2024-01-01 10:18:32,D3,Humidity,54.635
2024-01-01 10:18:43,D1,Humidity,56.327
2024-01-01 10:18:40,D3,Temp,23.916
2024-01-01 10:18:40,D1,Humidity,53.138
2024-01-01 10:18:35,D3,Humidity,54.184
2024-01-01 10:18:36,D1,Temp,24.45
2024-01-01 10:18:36,D2,Temp,25.298
2024-01-01 10:18:42,D1,Temp,23.84
2024-01-01 10:18:38,D2,Humidity,55.691
2024-01-01 10:18:41,D3,Humidity,53.68
2024-01-01 10:18:44,D2,Humidity,57.182
2024-01-01 10:18:37,D3,Temp,22.822
2024-01-01 10:18:41,D2,Humidity,55.342
2024-01-01 10:18:33,D2,Temp,25.403
2024-01-01 10:18:47,D2,Humidity,56.036
2024-01-01 10:18:47,D3,Humidity,55.68
2024-01-01 10:18:48,D1,Temp,23.781
2024-01-01 10:18:55,D3,Temp,22.583
2024-01-01 10:18:46,D1,Humidity,55.425
2024-01-01 10:18:54,D2,Temp,24.965
2024-01-01 10:18:46,D3,Temp,23.27
2024-01-01 10:18:45,D2,Temp,25.219
2024-01-01 10:18:50,D3,Humidity,53.659
2024-01-01 10:18:45,D1,Temp,23.595
2024-01-01 10:18:49,D1,Humidity,55.637
2024-01-01 10:18:51,D2,Temp,24.505
2024-01-01 10:18:56,D2,Humidity,56.317
2024-01-01 10:18:57,D1,Temp,25.027
2024-01-01 10:18:55,D1,Humidity,57.629
2024-01-01 10:18:50,D2,Humidity,57.023
2024-01-01 10:18:48,D2,Temp,24.853
2024-01-01 10:18:52,D1,Humidity,55.951
2024-01-01 10:18:51,D1,Temp,23.474
2024-01-01 10:18:52,D3,Temp,22.827
2024-01-01 10:18:56,D3,Humidity,54.993
2024-01-01 10:18:54,D1,Temp,24.214
2024-01-01 10:18:53,D3,Humidity,51.821
2024-01-01 10:18:49,D3,Temp,23.267
2024-01-01 10:18:53,D2,Humidity,56.951
2024-01-01 10:18:59,D3,Humidity,54.089
2024-01-01 10:18:59,D2,Humidity,54.431
2024-01-01 10:19:07,D3,Temp,22.842
2024-01-01 10:19:03,D2,Temp,24.725
2024-01-01 10:19:09,D1,Temp,23.604
2024-01-01 10:19:04,D1,Humidity,53.621
2024-01-01 10:19:08,D2,Humidity,56.898
2024-01-01 10:19:07,D1,Humidity,56.782
2024-01-01 10:19:05,D2,Humidity,57.278
2024-01-01 10:19:06,D2,Temp,24.585
2024-01-01 10:18:58,D3,Temp,22.841
2024-01-01 10:19:00,D1,Temp,24.018
2024-01-01 10:19:08,D3,Humidity,52.059
2024-01-01 10:19:09,D2,Temp,25.254
2024-01-01 10:19:00,D2,Temp,25.388
2024-01-01 10:18:58,D1,Humidity,56.787
2024-01-01 10:19:02,D2,Humidity,57.167
2024-01-01 10:19:01,D3,Temp,23.162
2024-01-01 10:19:01,D1,Humidity,53.904
2024-01-01 10:18:57,D2,Temp,24.768
2024-01-01 10:19:06,D1,Temp,23.889
2024-01-01 10:19:05,D3,Humidity,53.611
2024-01-01 10:19:03,D1,Temp,23.58
2024-01-01 10:19:04,D3,Temp,22.79
2024-01-01 10:19:02,D3,Humidity,55.014
2024-01-01 10:19:11,D3,Humidity,52.403
2024-01-01 10:19:15,D2,Temp,24.706
2024-01-01 10:19:19,D1,Humidity,56.045
2024-01-01 10:19:16,D3,Temp,22.319
2024-01-01 10:19:18,D1,Temp,23.445
2024-01-01 10:19:10,D3,Temp,22.801
2024-01-01 10:19:12,D1,Temp,24.038
2024-01-01 10:19:22,D3,Temp,23.599
2024-01-01 10:19:17,D2,Humidity,54.38
2024-01-01 10:19:15,D1,Temp,24.538
2024-01-01 10:19:10,D1,Humidity,54.336
2024-01-01 10:19:11,D2,Humidity,54.967
2024-01-01 10:19:12,D2,Temp,24.848
2024-01-01 10:19:14,D3,Humidity,54.833
2024-01-01 10:19:16,D1,Humidity,54.425
2024-01-01 10:19:18,D2,Temp,24.869
2024-01-01 10:19:19,D3,Temp,23.589
2024-01-01 10:19:20,D2,Humidity,55.384
2024-01-01 10:19:21,D1,Temp,23.927
2024-01-01 10:19:14,D2,Humidity,54.842
2024-01-01 10:19:20,D3,Humidity,53.06
2024-01-01 10:19:13,D1,Humidity,54.92
2024-01-01 10:19:13,D3,Temp,23.456
2024-01-01 10:19:21,D2,Temp,24.904
2024-01-01 10:19:17,D3,Humidity,55.97
2024-01-01 10:19:29,D3,Humidity,52.416
2024-01-01 10:19:33,D1,Temp,24.709
2024-01-01 10:19:23,D2,Humidity,54.38
2024-01-01 10:19:28,D3,Temp,22.624
2024-01-01 10:19:29,D2,Humidity,56.224
2024-01-01 10:19:34,D3,Temp,23.218
2024-01-01 10:19:24,D2,Temp,24.909
2024-01-01 10:19:26,D2,Humidity,54.552
2024-01-01 10:19:25,D1,Humidity,55.061
2024-01-01 10:19:31,D3,Temp,23.186
2024-01-01 10:19:22,D1,Humidity,54.814
2024-01-01 10:19:23,D3,Humidity,55.183
2024-01-01 10:19:27,D1,Temp,23.542
2024-01-01 10:19:34,D1,Humidity,55.806
2024-01-01 10:19:24,D1,Temp,24.415
2024-01-01 10:19:28,D1,Humidity,55.399
2024-01-01 10:19:32,D3,Humidity,55.544
2024-01-01 10:19:30,D2,Temp,24.999
2024-01-01 10:19:25,D3,Temp,23.309
2024-01-01 10:19:33,D2,Temp,25.634
2024-01-01 10:19:26,D3,Humidity,53.903
2024-01-01 10:19:31,D1,Humidity,55.087
2024-01-01 10:19:30,D1,Temp,23.632
2024-01-01 10:19:27,D2,Temp,24.746
2024-01-01 10:19:32,D2,Humidity,53.352
2024-01-01 10:19:38,D3,Humidity,54.92
2024-01-01 10:19:43,D1,Humidity,55.631
2024-01-01 10:19:45,D2,Temp,25.405
2024-01-01 10:19:40,D1,Humidity,53.592
2024-01-01 10:19:46,D1,Humidity,56.573
2024-01-01 10:19:39,D1,Temp,24.073
2024-01-01 10:19:41,D3,Humidity,53.355
2024-01-01 10:19:44,D3,Humidity,52.888
2024-01-01 10:19:36,D1,Temp,23.548
2024-01-01 10:19:37,D3,Temp,22.428
2024-01-01 10:19:45,D1,Temp,24.046
2024-01-01 10:19:42,D2,Temp,24.97
2024-01-01 10:19:37,D1,Humidity,55.702
2024-01-01 10:19:35,D3,Humidity,54.226
2024-01-01 10:19:39,D2,Temp,24.816
2024-01-01 10:19:41,D2,Humidity,55.682
2024-01-01 10:19:38,D2,Humidity,55.575
2024-01-01 10:19:44,D2,Humidity,53.185
2024-01-01 10:19:35,D2,Humidity,55.215
2024-01-01 10:19:40,D3,Temp,23.337
2024-01-01 10:19:47,D2,Humidity,55.734
2024-01-01 10:19:43,D3,Temp,23.108
2024-01-01 10:19:46,D3,Temp,23.229
2024-01-01 10:19:36,D2,Temp,25.049
2024-01-01 10:19:42,D1,Temp,24.298
2024-01-01 10:19:58,D1,Humidity,54.423
2024-01-01 10:19:58,D3,Temp,22.684
2024-01-01 10:19:47,D3,Humidity,54.121
2024-01-01 10:19:56,D3,Humidity,53.703
2024-01-01 10:19:59,D3,Humidity,52.627
2024-01-01 10:19:51,D1,Temp,24.011
2024-01-01 10:19:56,D2,Humidity,54.313
2024-01-01 10:19:57,D1,Temp,23.549
2024-01-01 10:19:49,D1,Humidity,54.348
2024-01-01 10:19:48,D1,Temp,23.8
2024-01-01 10:19:49,D3,Temp,22.668
2024-01-01 10:19:52,D1,Humidity,55.213
2024-01-01 10:19:55,D1,Humidity,57.384
2024-01-01 10:19:48,D2,Temp,24.826
2024-01-01 10:19:52,D3,Temp,23.171
2024-01-01 10:19:50,D2,Humidity,55.771
2024-01-01 10:19:54,D2,Temp,25.393
2024-01-01 10:19:51,D2,Temp,24.273
2024-01-01 10:19:53,D3,Humidity,53.444
2024-01-01 10:19:57,D2,Temp,24.685
2024-01-01 10:19:53,D2,Humidity,56.535
2024-01-01 10:19:59,D2,Humidity,56.939
2024-01-01 10:19:50,D3,Humidity,53.218
2024-01-01 10:19:54,D1,Temp,23.797
2024-01-01 10:19:55,D3,Temp,22.938
